first_stage,reranker,depth,evaluation_mode,n_queries,first_stage_recall,hit@1,hit@1_ci_low,hit@1_ci_high,hit@1_std,recall@1,recall@1_ci_low,recall@1_ci_high,recall@1_std,ndcg@1,ndcg@1_ci_low,ndcg@1_ci_high,ndcg@1_std,hit@5,hit@5_ci_low,hit@5_ci_high,hit@5_std,recall@5,recall@5_ci_low,recall@5_ci_high,recall@5_std,ndcg@5,ndcg@5_ci_low,ndcg@5_ci_high,ndcg@5_std,hit@10,hit@10_ci_low,hit@10_ci_high,hit@10_std,recall@10,recall@10_ci_low,recall@10_ci_high,recall@10_std,ndcg@10,ndcg@10_ci_low,ndcg@10_ci_high,ndcg@10_std,hit@20,hit@20_ci_low,hit@20_ci_high,hit@20_std,recall@20,recall@20_ci_low,recall@20_ci_high,recall@20_std,ndcg@20,ndcg@20_ci_low,ndcg@20_ci_high,ndcg@20_std,hit@50,hit@50_ci_low,hit@50_ci_high,hit@50_std,recall@50,recall@50_ci_low,recall@50_ci_high,recall@50_std,ndcg@50,ndcg@50_ci_low,ndcg@50_ci_high,ndcg@50_std,hit@100,hit@100_ci_low,hit@100_ci_high,hit@100_std,recall@100,recall@100_ci_low,recall@100_ci_high,recall@100_std,ndcg@100,ndcg@100_ci_low,ndcg@100_ci_high,ndcg@100_std,mrr,mrr_ci_low,mrr_ci_high,mrr_std,mrr@10,mrr@10_ci_low,mrr@10_ci_high,mrr@10_std
bm25,jina,10,job_to_talent,177,0.1602660992491501,0.0903954802259887,0.05084745762711865,0.13559322033898305,0.021530865631784735,0.06779661016949153,0.03531073446327684,0.10451977401129943,0.017364736595562282,0.0903954802259887,0.05084745762711865,0.13559322033898305,0.021530865631784735,0.1864406779661017,0.12994350282485875,0.24858757062146894,0.02927915463108757,0.12250715386308607,0.08135577934306748,0.16807420451488247,0.022204562601260833,0.10527489849009154,0.06985069973322167,0.14531687822608683,0.019374169944242126,0.24293785310734464,0.1807909604519774,0.3050847457627119,0.03199275172067563,0.1602660992491501,0.11463790446841293,0.2106018110890992,0.02443073431702791,0.11924296202009071,0.08348305735163751,0.1591151074941284,0.01948231045722497,0.24293785310734464,0.1807909604519774,0.3050847457627119,0.03199275172067563,0.1602660992491501,0.11463790446841293,0.2106018110890992,0.02443073431702791,0.11921513804198688,0.08342740939542985,0.15907258717655365,0.019482618574488502,0.24293785310734464,0.1807909604519774,0.3050847457627119,0.03199275172067563,0.1602660992491501,0.11463790446841293,0.2106018110890992,0.02443073431702791,0.11921513804198688,0.08342740939542985,0.15907258717655365,0.019482618574488502,0.24293785310734464,0.1807909604519774,0.3050847457627119,0.03199275172067563,0.1602660992491501,0.11463790446841293,0.2106018110890992,0.02443073431702791,0.11921513804198688,0.08342740939542985,0.15907258717655365,0.019482618574488502,0.12944803156667564,0.08928061384629181,0.17463725226437088,0.021996076047274833,0.12944803156667564,0.08928061384629181,0.17463725226437088,0.021996076047274833
bm25,jina,20,job_to_talent,177,0.2220277838921907,0.0847457627118644,0.04519774011299435,0.12994350282485875,0.020742650548786604,0.06497175141242938,0.03389830508474576,0.10028248587570622,0.01716095703356121,0.0847457627118644,0.04519774011299435,0.12994350282485875,0.020742650548786604,0.2033898305084746,0.14689265536723164,0.2655367231638418,0.03054785907322598,0.1253723677452491,0.08459916966272898,0.16986902927580896,0.022059898565047073,0.10622797886701571,0.07125284385460744,0.1449088327367135,0.019055489573316455,0.2937853107344633,0.22598870056497175,0.3615819209039548,0.03418856949825768,0.17466431873211535,0.12843079707486488,0.22519575292880373,0.02481914339644849,0.1254818395987778,0.08967078425835324,0.16429891051452422,0.019265650836517174,0.3615819209039548,0.288135593220339,0.4350282485875706,0.035616732790879714,0.2220277838921907,0.1713278059040771,0.2766491794457896,0.026873981525422887,0.14057952831928847,0.10383516379014882,0.17994083620387147,0.019450188010664893,0.3615819209039548,0.288135593220339,0.4350282485875706,0.035616732790879714,0.2220277838921907,0.1713278059040771,0.2766491794457896,0.026873981525422887,0.14057952831928847,0.10383516379014882,0.17994083620387147,0.019450188010664893,0.3615819209039548,0.288135593220339,0.4350282485875706,0.035616732790879714,0.2220277838921907,0.1713278059040771,0.2766491794457896,0.026873981525422887,0.14057952831928847,0.10383516379014882,0.17994083620387147,0.019450188010664893,0.1428382116941439,0.10335161150839116,0.1865167500813687,0.021466271523784126,0.13764684781633935,0.09757953322571968,0.18217682270648372,0.021616981141604194
bm25,jina,50,job_to_talent,177,0.39175715997749894,0.0903954802259887,0.05084745762711865,0.13559322033898305,0.021313744837132973,0.07062146892655367,0.038135593220338986,0.10875706214689265,0.01790698051441139,0.0903954802259887,0.05084745762711865,0.13559322033898305,0.021313744837132973,0.22598870056497175,0.1694915254237288,0.288135593220339,0.03141114409738961,0.14679421331963705,0.10352657935285055,0.1957542586885807,0.02351784377556944,0.1221916250517457,0.0851674110628844,0.16330795233968481,0.019957686727456486,0.2994350282485876,0.23728813559322035,0.3672316384180791,0.03435664897885336,0.19745579279477585,0.14765128586103163,0.251066124318243,0.026318929734918107,0.14035443740847886,0.10280449857229731,0.18156183761096767,0.020023808651177578,0.4124293785310734,0.3389830508474576,0.4858757062146893,0.03669548544069734,0.26224166605522536,0.20889151808643336,0.31983672988969597,0.028515929574679886,0.16126741977709652,0.1239643396361173,0.20225749884257593,0.01998197409817725,0.576271186440678,0.5028248587570622,0.6497175141242938,0.03689892368080766,0.39175715997749894,0.33184106500843785,0.45368420891725975,0.031143670002980545,0.19305106490706483,0.15617468344279323,0.23267747523057364,0.019561790877130586,0.576271186440678,0.5028248587570622,0.6497175141242938,0.03689892368080766,0.39175715997749894,0.33184106500843785,0.45368420891725975,0.031143670002980545,0.19305106490706483,0.15617468344279323,0.23267747523057364,0.019561790877130586,0.16396890881023815,0.12281134574002889,0.20885633507323192,0.021809939374612383,0.15011882342390817,0.10826545825486504,0.19568132902878663,0.022261922883166863
bm25,jina,100,job_to_talent,177,0.49740748893291264,0.07909604519774012,0.03954802259887006,0.11864406779661017,0.020043397615972108,0.06120527306967985,0.031073446327683617,0.0965160075329567,0.016836624224073556,0.07909604519774012,0.03954802259887006,0.11864406779661017,0.020043397615972108,0.22598870056497175,0.1694915254237288,0.288135593220339,0.03151932779792776,0.14373394966615305,0.1012241054613936,0.19181111967128914,0.023236535371531405,0.11391336479671535,0.07924495443374355,0.1531009805314714,0.01894217626933021,0.2937853107344633,0.23163841807909605,0.3615819209039548,0.034312445541707384,0.19759030987844547,0.1492462763225475,0.25091636706043485,0.026209839639961853,0.1332963593380282,0.09817738705565002,0.17281365357102113,0.019097251526134753,0.4293785310734463,0.3559322033898305,0.5028248587570622,0.03709030424126368,0.28581395064445914,0.23097767933573016,0.345575733118106,0.029221891058216883,0.15959417573828116,0.12427085666118581,0.19824508241083116,0.018973552086173216,0.5649717514124294,0.4915254237288136,0.6384180790960452,0.03689272546519153,0.39316347494313597,0.3334172077922078,0.4555328863697507,0.030901605371379447,0.18591862251352997,0.15089988717312494,0.22404941012999668,0.018653441290044977,0.672316384180791,0.6045197740112994,0.7401129943502824,0.03504167775653697,0.49740748893291264,0.43692162239831733,0.5595221127742315,0.031225880696174033,0.20662012519954512,0.17238733436728054,0.24371741647868775,0.018197910775486475,0.15390563419416398,0.11550815652189277,0.19660749488640966,0.020652828075609066,0.139570442112815,0.10030468119451169,0.183261815083849,0.021128727669723575
bm25,qwen,10,job_to_talent,177,0.1602660992491501,0.07344632768361582,0.03954802259887006,0.11299435028248588,0.01981680495343168,0.04990583804143126,0.023069679849340864,0.08192090395480225,0.014886924563528185,0.07344632768361582,0.03954802259887006,0.11299435028248588,0.01981680495343168,0.20903954802259886,0.15254237288135594,0.2711864406779661,0.030235182381305743,0.14246948907965856,0.0987245334702962,0.19143370753540243,0.023732263769298153,0.10995487169903588,0.07572284633603,0.14816828812875354,0.01858440852369712,0.24293785310734464,0.1807909604519774,0.3050847457627119,0.03199275172067563,0.1602660992491501,0.11463790446841293,0.2106018110890992,0.02443073431702791,0.11714137023179066,0.08295012181671782,0.15530837887961313,0.018633316983941745,0.24293785310734464,0.1807909604519774,0.3050847457627119,0.03199275172067563,0.1602660992491501,0.11463790446841293,0.2106018110890992,0.02443073431702791,0.11710540826178104,0.0829127379506735,0.15523645493959382,0.018633395777759826,0.24293785310734464,0.1807909604519774,0.3050847457627119,0.03199275172067563,0.1602660992491501,0.11463790446841293,0.2106018110890992,0.02443073431702791,0.11710540826178104,0.0829127379506735,0.15523645493959382,0.018633395777759826,0.24293785310734464,0.1807909604519774,0.3050847457627119,0.03199275172067563,0.1602660992491501,0.11463790446841293,0.2106018110890992,0.02443073431702791,0.11710540826178104,0.0829127379506735,0.15523645493959382,0.018633395777759826,0.12968119451170299,0.09079213747645952,0.17333972289480762,0.021211267165305237,0.12968119451170299,0.09079213747645952,0.17333972289480762,0.021211267165305237
bm25,qwen,20,job_to_talent,177,0.2220277838921907,0.06779661016949153,0.03389830508474576,0.10734463276836158,0.019075229386225617,0.04369114877589454,0.018832391713747645,0.0739171374764595,0.014220602892139726,0.06779661016949153,0.03389830508474576,0.10734463276836158,0.019075229386225617,0.24293785310734464,0.1807909604519774,0.3050847457627119,0.03210409327591711,0.1508927042825348,0.1069669760559591,0.19934227260498444,0.023845420077744352,0.11565388795490723,0.08199610186155191,0.15353422178573314,0.018417832442812063,0.3107344632768362,0.24293785310734464,0.3785310734463277,0.03434705142029623,0.19458385305842935,0.14530501748722088,0.2467604923325262,0.026114025305246456,0.13009408279051352,0.09626619493142546,0.16751088285179375,0.01836771925736453,0.3615819209039548,0.288135593220339,0.4350282485875706,0.035616732790879714,0.2220277838921907,0.1713278059040771,0.2766491794457896,0.026873981525422887,0.1392371059399117,0.10516808008347603,0.17667335252516936,0.018309040553103,0.3615819209039548,0.288135593220339,0.4350282485875706,0.035616732790879714,0.2220277838921907,0.1713278059040771,0.2766491794457896,0.026873981525422887,0.1392371059399117,0.10516808008347603,0.17667335252516936,0.018309040553103,0.3615819209039548,0.288135593220339,0.4350282485875706,0.035616732790879714,0.2220277838921907,0.1713278059040771,0.2766491794457896,0.026873981525422887,0.1392371059399117,0.10516808008347603,0.17667335252516936,0.018309040553103,0.1456932740831046,0.10758406964974764,0.18763334005918747,0.020701097673063,0.1418706842435656,0.10338943816698053,0.18411958568738226,0.020810167569798338
bm25,qwen,50,job_to_talent,177,0.39175715997749894,0.0903954802259887,0.05084745762711865,0.13559322033898305,0.021525133648711964,0.05875706214689266,0.029376177024482128,0.09227871939736346,0.016108999797751912,0.0903954802259887,0.05084745762711865,0.13559322033898305,0.021525133648711964,0.2824858757062147,0.22033898305084745,0.3502824858757062,0.03376250156398401,0.172220387898354,0.12578885097952894,0.22383217770929634,0.02482096772246938,0.13272073707725146,0.0966034209588225,0.17279709864054266,0.01941755673038993,0.3672316384180791,0.2994350282485876,0.4406779661016949,0.035748745387352635,0.24340927434147772,0.19019900885366992,0.29978672927825467,0.028032852028524943,0.15720992798954306,0.12067933257027824,0.19672207213512996,0.019475031574281123,0.4632768361581921,0.3898305084745763,0.536723163841808,0.03700172655272715,0.31440739110230637,0.2570642869371684,0.37411331841416595,0.030098343188764403,0.17832888181045958,0.14164701953705533,0.2177733496462205,0.019279670161166333,0.576271186440678,0.5028248587570622,0.6497175141242938,0.03689892368080766,0.39175715997749894,0.33184106500843785,0.45368420891725975,0.031143670002980545,0.19782812964798735,0.16198894753031792,0.23663559420689748,0.018959586139767105,0.576271186440678,0.5028248587570622,0.6497175141242938,0.03689892368080766,0.39175715997749894,0.33184106500843785,0.45368420891725975,0.031143670002980545,0.19782812964798735,0.16198894753031792,0.23663559420689748,0.018959586139767105,0.17699400847522295,0.13616893684650527,0.222412377330077,0.021993448511684673,0.16623845395031836,0.12459801811496729,0.2125173751233073,0.022372911154530082
bm25,qwen,100,job_to_talent,177,0.49740748893291264,0.096045197740113,0.05649717514124294,0.14124293785310735,0.022184833147772455,0.0564030131826742,0.028719397363465154,0.08888888888888888,0.015386696791244735,0.096045197740113,0.05649717514124294,0.14124293785310735,0.022184833147772455,0.2768361581920904,0.21468926553672316,0.3446327683615819,0.03341755228319517,0.16633526548780786,0.12100123511140462,0.2162015432778144,0.024333306474617077,0.13142335142335704,0.09642182603627977,0.17015502240468572,0.018956347654733967,0.3672316384180791,0.2994350282485876,0.4406779661016949,0.03601630614691341,0.2321972754176144,0.18037395749260154,0.2879474374495561,0.02754470918373922,0.15397065541494936,0.11801996822720362,0.1932902867886552,0.019200075139418783,0.4745762711864407,0.4011299435028249,0.5480225988700564,0.037104985813637,0.3210910558368185,0.26417773375400494,0.3809545515689583,0.02986134580057476,0.18080533219679004,0.1454540866668301,0.21980869513661389,0.018960204990571064,0.6271186440677966,0.5536723163841808,0.6949152542372882,0.03611890008048466,0.45964609778169097,0.39767218186709713,0.5223380903465649,0.03193960037907534,0.21362513162434002,0.17935676325392072,0.2511988131370336,0.018361880298426093,0.672316384180791,0.6045197740112994,0.7401129943502824,0.03504167775653697,0.49740748893291264,0.43692162239831733,0.5595221127742315,0.031225880696174033,0.22228961835573632,0.18830519684669766,0.25964046810815994,0.018210481953493934,0.18597387457213263,0.1438681826175986,0.2321445075546296,0.02250136295497429,0.1726257734732311,0.12961085328670077,0.21971880324634557,0.023028943313736172
bm25,qwen4,10,job_to_talent,177,0.1602660992491501,0.1016949152542373,0.062146892655367235,0.14689265536723164,0.02293430481029959,0.07707828894269572,0.0423728813559322,0.1172316384180791,0.018875778891725554,0.1016949152542373,0.062146892655367235,0.14689265536723164,0.02293430481029959,0.1977401129943503,0.14124293785310735,0.2598870056497175,0.029880031819089204,0.13098173013427253,0.08815008437889796,0.17849178834348323,0.022883787040981676,0.1163498801788522,0.07799977488493494,0.15937536050104537,0.020746510330720964,0.24293785310734464,0.1807909604519774,0.3050847457627119,0.03199275172067563,0.1602660992491501,0.11463790446841293,0.2106018110890992,0.02443073431702791,0.126981221724945,0.08883786973425938,0.1697654473826611,0.020742255865761384,0.24293785310734464,0.1807909604519774,0.3050847457627119,0.03199275172067563,0.1602660992491501,0.11463790446841293,0.2106018110890992,0.02443073431702791,0.12694525975493534,0.0888146054825072,0.16969442249189204,0.020742497394574795,0.24293785310734464,0.1807909604519774,0.3050847457627119,0.03199275172067563,0.1602660992491501,0.11463790446841293,0.2106018110890992,0.02443073431702791,0.12694525975493534,0.0888146054825072,0.16969442249189204,0.020742497394574795,0.24293785310734464,0.1807909604519774,0.3050847457627119,0.03199275172067563,0.1602660992491501,0.11463790446841293,0.2106018110890992,0.02443073431702791,0.12694525975493534,0.0888146054825072,0.16969442249189204,0.020742497394574795,0.14243341404358353,0.09901079499596449,0.19124983185364544,0.02350188916250818,0.14243341404358353,0.09901079499596449,0.19124983185364544,0.02350188916250818
bm25,qwen4,20,job_to_talent,177,0.2220277838921907,0.0847457627118644,0.04519774011299435,0.12994350282485875,0.02105302837670431,0.06252354048964218,0.031165254237288158,0.09783427495291902,0.01710214856533383,0.0847457627118644,0.04519774011299435,0.12994350282485875,0.02105302837670431,0.21468926553672316,0.15819209039548024,0.2768361581920904,0.03110099807816582,0.13610927678724288,0.092655275515445,0.18361594149729743,0.02336098816297179,0.11468470180709915,0.07803248702893173,0.15504204031130595,0.019761107345278497,0.2994350282485876,0.23728813559322035,0.3672316384180791,0.034324662794858164,0.18436300046469536,0.13605641768777363,0.23630851493139624,0.02558187645990379,0.1322977709083312,0.09527240488242153,0.1726735066787145,0.019819979721825302,0.3615819209039548,0.288135593220339,0.4350282485875706,0.035616732790879714,0.2220277838921907,0.1713278059040771,0.2766491794457896,0.026873981525422887,0.1440744586913421,0.10749951669213116,0.18355472108288223,0.019694676806726166,0.3615819209039548,0.288135593220339,0.4350282485875706,0.035616732790879714,0.2220277838921907,0.1713278059040771,0.2766491794457896,0.026873981525422887,0.1440744586913421,0.10749951669213116,0.18355472108288223,0.019694676806726166,0.3615819209039548,0.288135593220339,0.4350282485875706,0.035616732790879714,0.2220277838921907,0.1713278059040771,0.2766491794457896,0.026873981525422887,0.1440744586913421,0.10749951669213116,0.18355472108288223,0.019694676806726166,0.1511163506926219,0.11057240037112918,0.19611233556148808,0.022070764129945214,0.14656757241503005,0.1052236907003856,0.1919839588377724,0.02222665163948737
bm25,qwen4,50,job_to_talent,177,0.39175715997749894,0.11864406779661017,0.07344632768361582,0.1694915254237288,0.02430974496135618,0.08606403013182674,0.05037664783427496,0.1266478342749529,0.019481590030789732,0.11864406779661017,0.07344632768361582,0.1694915254237288,0.02430974496135618,0.2937853107344633,0.22598870056497175,0.3615819209039548,0.034331359822011805,0.19364651356176782,0.1429810208623768,0.247158510039866,0.026801305953658587,0.1613327844138976,0.11914531073699378,0.20643810037358232,0.022319310555927074,0.384180790960452,0.3107344632768362,0.4576271186440678,0.03660312277861568,0.24510846968474087,0.1920026995132927,0.3014592046371707,0.028117744174161633,0.17952992381975064,0.13764597771646703,0.22433984104143997,0.0221029172567833,0.480225988700565,0.4067796610169492,0.5536723163841808,0.037501389779219886,0.3146385159097024,0.2569653710225744,0.37402811407048686,0.030005849748485445,0.20152863640636734,0.1599337909584861,0.24600058730318597,0.02192942968151947,0.576271186440678,0.5028248587570622,0.6497175141242938,0.03689892368080766,0.39175715997749894,0.33184106500843785,0.45368420891725975,0.031143670002980545,0.22108833802372474,0.18056678262941328,0.2648047560363449,0.021504600076826016,0.576271186440678,0.5028248587570622,0.6497175141242938,0.03689892368080766,0.39175715997749894,0.33184106500843785,0.45368420891725975,0.031143670002980545,0.22108833802372474,0.18056678262941328,0.2648047560363449,0.021504600076826016,0.208715051878689,0.16282180911368677,0.2584122852184721,0.024434123991876687,0.19797103398798316,0.15116323648103308,0.2487806586853197,0.02486132391307698
bm25,qwen4,100,job_to_talent,177,0.49740748893291264,0.11864406779661017,0.07344632768361582,0.1694915254237288,0.02419219356659629,0.08229755178907722,0.0475517890772128,0.12146892655367232,0.01883612393519828,0.11864406779661017,0.07344632768361582,0.1694915254237288,0.02419219356659629,0.2937853107344633,0.22598870056497175,0.3615819209039548,0.03435860720936864,0.18823220094406534,0.13874874654535674,0.24039893486927388,0.026064500097690516,0.15754191292078515,0.11661575774189437,0.2009340918972601,0.02176538165948122,0.3785310734463277,0.3107344632768362,0.4519774011299435,0.03645812395420103,0.24294702472668575,0.18922638919460957,0.2997738431530804,0.028182745474944197,0.17528952905320067,0.13437596019677822,0.2186744789611393,0.02162721478506715,0.5028248587570622,0.4293785310734463,0.576271186440678,0.03724932023571595,0.3236352630420427,0.26788988553819065,0.38400154694646216,0.029666751681034876,0.2002328490109513,0.1601489992310677,0.24311459015307932,0.021235770193606625,0.6214689265536724,0.5535310734463289,0.6949152542372882,0.036174396633741536,0.4410448308753394,0.37934893731503894,0.5041581982048083,0.03165674880970206,0.22900326516497282,0.18987046888385722,0.27097443761096535,0.02081015321332203,0.672316384180791,0.6045197740112994,0.7401129943502824,0.03504167775653697,0.49740748893291264,0.43692162239831733,0.5595221127742315,0.031225880696174033,0.24066592028833286,0.2022211496646907,0.2819377671131009,0.020444498764524328,0.20965247495491843,0.16412341008680098,0.2594468349077796,0.024254416968428713,0.19606089139987443,0.1494817168863779,0.24676946013810416,0.024815974201748858
bm25,qwen8,10,job_to_talent,177,0.1602660992491501,0.0903954802259887,0.05084745762711865,0.13559322033898305,0.02151537341926372,0.06544256120527307,0.03436911487758945,0.10028248587570622,0.016794457091462385,0.0903954802259887,0.05084745762711865,0.13559322033898305,0.02151537341926372,0.1977401129943503,0.14124293785310735,0.2598870056497175,0.029751393890231348,0.12923300804656737,0.08799007019346003,0.1758014466700907,0.02246326752177699,0.1101801739731545,0.07427354636950372,0.14973624068307043,0.019392645748264273,0.24293785310734464,0.1807909604519774,0.3050847457627119,0.03199275172067563,0.1602660992491501,0.11463790446841293,0.2106018110890992,0.02443073431702791,0.12207260727462681,0.08577212308236999,0.16194677569881588,0.019603529743364934,0.24293785310734464,0.1807909604519774,0.3050847457627119,0.03199275172067563,0.1602660992491501,0.11463790446841293,0.2106018110890992,0.02443073431702791,0.12203664530461715,0.08573609182358542,0.16193758185295723,0.01960373326970321,0.24293785310734464,0.1807909604519774,0.3050847457627119,0.03199275172067563,0.1602660992491501,0.11463790446841293,0.2106018110890992,0.02443073431702791,0.12203664530461715,0.08573609182358542,0.16193758185295723,0.01960373326970321,0.24293785310734464,0.1807909604519774,0.3050847457627119,0.03199275172067563,0.1602660992491501,0.11463790446841293,0.2106018110890992,0.02443073431702791,0.12203664530461715,0.08573609182358542,0.16193758185295723,0.01960373326970321,0.13718500582907361,0.0960719890592772,0.18304266433503721,0.02242928367958921,0.13718500582907361,0.0960719890592772,0.18304266433503721,0.02242928367958921
bm25,qwen8,20,job_to_talent,177,0.2220277838921907,0.0903954802259887,0.05084745762711865,0.13559322033898305,0.021563664624414315,0.06440677966101695,0.032956685499058384,0.09981167608286251,0.017116199960536482,0.0903954802259887,0.05084745762711865,0.13559322033898305,0.021563664624414315,0.22033898305084745,0.1638418079096045,0.2824858757062147,0.031123513829420163,0.13906865262797466,0.09669577127204244,0.18605546995377506,0.023004544388149632,0.12079637708323981,0.08365904675372592,0.1612256909202702,0.019965440112167825,0.3333333333333333,0.2655367231638418,0.4011299435028249,0.03511197992725853,0.1989581040428498,0.15046420622691808,0.2519178161762908,0.026003128972032663,0.14242663533857716,0.10565068364946353,0.1824436892906269,0.019979091125969448,0.3615819209039548,0.288135593220339,0.4350282485875706,0.035616732790879714,0.2220277838921907,0.1713278059040771,0.2766491794457896,0.026873981525422887,0.15016035008732243,0.11301263801656163,0.1902259996589175,0.02004493807435061,0.3615819209039548,0.288135593220339,0.4350282485875706,0.035616732790879714,0.2220277838921907,0.1713278059040771,0.2766491794457896,0.026873981525422887,0.15016035008732243,0.11301263801656163,0.1902259996589175,0.02004493807435061,0.3615819209039548,0.288135593220339,0.4350282485875706,0.035616732790879714,0.2220277838921907,0.1713278059040771,0.2766491794457896,0.026873981525422887,0.15016035008732243,0.11301263801656163,0.1902259996589175,0.02004493807435061,0.16211644048134577,0.12022233623803913,0.20776361212178754,0.022624801204750074,0.15997668370549728,0.11770435386960809,0.20547994574477618,0.02269854498812352
bm25,qwen8,50,job_to_talent,177,0.39175715997749894,0.11299435028248588,0.06779661016949153,0.15819209039548024,0.02394706558786939,0.0874764595103578,0.04981167608286252,0.12806026365348397,0.020206739880922378,0.11299435028248588,0.06779661016949153,0.15819209039548024,0.02394706558786939,0.3163841807909605,0.2542372881355932,0.384180790960452,0.034704660986770136,0.20777080734707856,0.15700742289725342,0.2627222130506029,0.026944879984066715,0.16879270497593202,0.12627059129859408,0.2152420503330915,0.022656980375830766,0.4067796610169492,0.3389830508474576,0.480225988700565,0.03670344244028544,0.25955132438183287,0.20602604434172234,0.3170234885171326,0.028331102726263064,0.18789830277884031,0.14567266630616532,0.23360611893076755,0.022462850396345463,0.519774011299435,0.4463276836158192,0.5932203389830508,0.03744767001726519,0.34938427862156674,0.29058256597451515,0.41031845390955557,0.030806252983074715,0.21324776429567832,0.1716782682148077,0.25751191090012293,0.022105763175297312,0.576271186440678,0.5028248587570622,0.6497175141242938,0.03689892368080766,0.39175715997749894,0.33184106500843785,0.45368420891725975,0.031143670002980545,0.22493471818545147,0.18346742953119582,0.26861484318064727,0.021817495537842138,0.576271186440678,0.5028248587570622,0.6497175141242938,0.03689892368080766,0.39175715997749894,0.33184106500843785,0.45368420891725975,0.031143670002980545,0.22493471818545147,0.18346742953119582,0.26861484318064727,0.021817495537842138,0.20890056509950725,0.16379348413815503,0.25742453939728493,0.0240098058034016,0.199468657519505,0.15343197919469104,0.24885666083759306,0.024401439113487917
bm25,qwen8,100,job_to_talent,177,0.49740748893291264,0.12429378531073447,0.07909604519774012,0.1751412429378531,0.024937337920487163,0.09218455743879472,0.05394774011299442,0.1332391713747646,0.02036757229458757,0.12429378531073447,0.07909604519774012,0.1751412429378531,0.024937337920487163,0.3163841807909605,0.24858757062146894,0.384180790960452,0.03478026673187597,0.21587546163817348,0.16444918311443732,0.27278753026634384,0.02744771182264531,0.17495764291075114,0.13215696316652487,0.22230425591067082,0.02291456368711808,0.4293785310734463,0.3559322033898305,0.5028248587570622,0.03678608358618106,0.27698229266025876,0.2232709051776848,0.33563262773008534,0.028626619761127573,0.19720817874881827,0.15490536653440554,0.24365620933754098,0.022513019496104788,0.5141242937853108,0.4406779661016949,0.5875706214689266,0.03729180574302275,0.3343183652505686,0.27874394673123487,0.39441341379900696,0.029621361983361537,0.21497853947945128,0.173515913047563,0.2603577898756321,0.022258469506358923,0.6440677966101694,0.5706214689265536,0.711864406779661,0.03572944542157215,0.4601597084647932,0.39880145278450363,0.5218022384865606,0.0315977832222391,0.24479976884429228,0.20391794173572392,0.2887292646685508,0.02167715875453078,0.672316384180791,0.6045197740112994,0.7401129943502824,0.03504167775653697,0.49740748893291264,0.43692162239831733,0.5595221127742315,0.031225880696174033,0.253007698696858,0.21234286732748253,0.29681758955194737,0.021444484340706418,0.2191459868983704,0.1732867411631673,0.26912760992111573,0.02463531884240294,0.20901712850865395,0.16229687920365887,0.25982546408393864,0.025063626248929965
minilm,jina,10,job_to_talent,177,0.18242595445985277,0.07344632768361582,0.03954802259887006,0.11299435028248588,0.01974656813177569,0.05169491525423729,0.02382297551789077,0.0852165725047081,0.015577446101374888,0.07344632768361582,0.03954802259887006,0.11299435028248588,0.01974656813177569,0.22033898305084745,0.1638418079096045,0.2824858757062147,0.03156933116759534,0.1475004280089026,0.10357794042116077,0.19744072076699196,0.02415209830817047,0.11344176534488193,0.07914105080553238,0.15281221354278463,0.018840406584478667,0.2711864406779661,0.20903954802259886,0.3389830508474576,0.033618116880123936,0.18242595445985277,0.1339924670433145,0.23484163670604347,0.025887248035152327,0.12525284576292187,0.09077590543096468,0.16393537963137214,0.018808532186093106,0.2711864406779661,0.20903954802259886,0.3389830508474576,0.033618116880123936,0.18242595445985277,0.1339924670433145,0.23484163670604347,0.025887248035152327,0.12489796664957388,0.09049665440981453,0.1635766044352077,0.018797977873641382,0.2711864406779661,0.20903954802259886,0.3389830508474576,0.033618116880123936,0.18242595445985277,0.1339924670433145,0.23484163670604347,0.025887248035152327,0.12489796664957388,0.09049665440981453,0.1635766044352077,0.018797977873641382,0.2711864406779661,0.20903954802259886,0.3389830508474576,0.033618116880123936,0.18242595445985277,0.1339924670433145,0.23484163670604347,0.025887248035152327,0.12489796664957388,0.09049665440981453,0.1635766044352077,0.018797977873641382,0.1335575284727827,0.09520665186978745,0.17783853466056856,0.021181576798248027,0.1335575284727827,0.09520665186978745,0.17783853466056856,0.021181576798248027
minilm,jina,20,job_to_talent,177,0.25732323232323234,0.0903954802259887,0.05084745762711865,0.13559322033898305,0.021725210067241388,0.061581920903954805,0.03182674199623352,0.09745762711864407,0.016658906467661955,0.0903954802259887,0.05084745762711865,0.13559322033898305,0.021725210067241388,0.24293785310734464,0.1807909604519774,0.3107344632768362,0.03247032187218541,0.1526793357301832,0.10856873822975517,0.20192818010614616,0.023770990776497504,0.11917976570824391,0.08441788825186546,0.15998550223043753,0.01920300900190928,0.3389830508474576,0.2711864406779661,0.4124293785310734,0.03550224900366235,0.20945043656908063,0.1607344632768362,0.2626209125149802,0.02619258927943288,0.14058165413844115,0.1052385747298491,0.18098267185884478,0.0191730039119541,0.4067796610169492,0.3333333333333333,0.480225988700565,0.0370209438141427,0.25732323232323234,0.20341433401814757,0.3141034283513097,0.028364355842441482,0.15599416961629975,0.11983996727431996,0.19683869934977974,0.0194396141473706,0.4067796610169492,0.3333333333333333,0.480225988700565,0.0370209438141427,0.25732323232323234,0.20341433401814757,0.3141034283513097,0.028364355842441482,0.15599416961629975,0.11983996727431996,0.19683869934977974,0.0194396141473706,0.4067796610169492,0.3333333333333333,0.480225988700565,0.0370209438141427,0.25732323232323234,0.20341433401814757,0.3141034283513097,0.028364355842441482,0.15599416961629975,0.11983996727431996,0.19683869934977974,0.0194396141473706,0.15683451274179092,0.11574421601901662,0.2038402918026547,0.02221590792526604,0.1521948704152094,0.11084986772486773,0.19923611111111109,0.022346584803879747
minilm,jina,50,job_to_talent,177,0.4160625626727322,0.0847457627118644,0.04519774011299435,0.12994350282485875,0.02106700823332154,0.064030131826742,0.03295668549905838,0.10122410546139358,0.017344865963076144,0.0847457627118644,0.04519774011299435,0.12994350282485875,0.02106700823332154,0.21468926553672316,0.15819209039548024,0.2768361581920904,0.03128999737377226,0.14081492895052217,0.09660160931347371,0.19217706728299946,0.024012623256670414,0.11135216094855276,0.07609687346616845,0.15301251081105452,0.019531467129585343,0.3107344632768362,0.24293785310734464,0.384180790960452,0.03537750757288659,0.20771272042458483,0.15686312275295328,0.26290018832391715,0.027403315291472937,0.1355928657876397,0.0999584442315528,0.1772288340754449,0.01970130565576977,0.423728813559322,0.3502824858757062,0.4971751412429379,0.037677663981648964,0.27316017316017316,0.21879698926309096,0.3315039009954264,0.02906116847074008,0.1553836093425579,0.11931094894860426,0.19596041691493474,0.019449498919605537,0.5819209039548022,0.5084745762711864,0.655367231638418,0.03742244423134434,0.4160625626727322,0.354399763372221,0.47946885623792396,0.032087755741067744,0.19025080819387016,0.15419835995839343,0.23014200741865792,0.019232341614589938,0.5819209039548022,0.5084745762711864,0.655367231638418,0.03742244423134434,0.4160625626727322,0.354399763372221,0.47946885623792396,0.032087755741067744,0.19025080819387016,0.15419835995839343,0.23014200741865792,0.019232341614589938,0.15104903999435912,0.11117901229367609,0.196728189131534,0.02144345083891147,0.13815577078288943,0.09747959824231013,0.18456444489283474,0.021849316175103363
minilm,jina,100,job_to_talent,177,0.5691387237997407,0.07344632768361582,0.03954802259887006,0.11299435028248588,0.01967730897650713,0.05979284369114878,0.029661016949152543,0.096045197740113,0.01707374492466787,0.07344632768361582,0.03954802259887006,0.11299435028248588,0.01967730897650713,0.20903954802259886,0.15254237288135594,0.2711864406779661,0.03065059242157766,0.14039548022598872,0.09736346516007534,0.18954802259887005,0.023657851068597434,0.1098848294401041,0.07465242517718298,0.14998756238649336,0.019328009287334292,0.3163841807909605,0.24858757062146894,0.3898305084745763,0.03529293233054953,0.2175055641157336,0.16589432460195175,0.27503017462763224,0.0278070850860159,0.13850429775527343,0.1027450261524476,0.17941795777613256,0.01961021177192275,0.4124293785310734,0.3389830508474576,0.4858757062146893,0.037513558892342584,0.2762583461736004,0.21986817325800376,0.33615904810820063,0.029449576936771898,0.15625964401370085,0.12073855643127047,0.19668163198215943,0.019453928753329398,0.576271186440678,0.5028248587570622,0.6497175141242938,0.037037211261573263,0.40580135495389735,0.34716410472766407,0.46766487514368865,0.030970632006784897,0.1890396199940694,0.15414955043317222,0.228466181839658,0.018984745555909517,0.7288135593220338,0.6666666666666666,0.7911016949152522,0.0335984488378233,0.5691387237997407,0.5088270721745298,0.6309264864137745,0.0312378611729675,0.2218549474654149,0.18777444980136287,0.26024780813547743,0.01827260976615975,0.1496815984377802,0.1119561649075054,0.1917393559453747,0.02035102517496239,0.1349923773652587,0.09637162586315132,0.17834891489552504,0.020819749081267824
minilm,qwen,10,job_to_talent,177,0.18242595445985277,0.10734463276836158,0.062146892655367235,0.15819209039548024,0.023463875476833578,0.07711864406779662,0.043691148775894535,0.11666666666666665,0.018655065365726135,0.10734463276836158,0.062146892655367235,0.15819209039548024,0.023463875476833578,0.23163841807909605,0.1694915254237288,0.2937853107344633,0.031872516573271406,0.1522085259373395,0.1078058123608971,0.20155046224961476,0.024013590569573095,0.13095321664235796,0.09232633904379837,0.17439049938256698,0.020851834826068748,0.2711864406779661,0.20903954802259886,0.3389830508474576,0.033618116880123936,0.18242595445985277,0.1339924670433145,0.23484163670604347,0.025887248035152327,0.14113381569318004,0.10266619385694412,0.18414121507291129,0.02086063849031885,0.2711864406779661,0.20903954802259886,0.3389830508474576,0.033618116880123936,0.18242595445985277,0.1339924670433145,0.23484163670604347,0.025887248035152327,0.14076410899333577,0.10243343284271439,0.18373207188456614,0.02085169467836915,0.2711864406779661,0.20903954802259886,0.3389830508474576,0.033618116880123936,0.18242595445985277,0.1339924670433145,0.23484163670604347,0.025887248035152327,0.14076410899333577,0.10243343284271439,0.18373207188456614,0.02085169467836915,0.2711864406779661,0.20903954802259886,0.3389830508474576,0.033618116880123936,0.18242595445985277,0.1339924670433145,0.23484163670604347,0.025887248035152327,0.14076410899333577,0.10243343284271439,0.18373207188456614,0.02085169467836915,0.16103040086090933,0.1165587167070218,0.21107226930320147,0.02426428171171668,0.16103040086090933,0.1165587167070218,0.21107226930320147,0.02426428171171668
minilm,qwen,20,job_to_talent,177,0.25732323232323234,0.1016949152542373,0.062146892655367235,0.14689265536723164,0.022763140244702478,0.06864406779661017,0.03757062146892655,0.1062146892655367,0.017587648016739437,0.1016949152542373,0.062146892655367235,0.14689265536723164,0.022763140244702478,0.2542372881355932,0.192090395480226,0.3220338983050847,0.03267864120373044,0.15530731039205614,0.11195856873822975,0.20421224961479195,0.023452049596288056,0.134482062593099,0.0970627913701309,0.17692571665556822,0.02039618005907192,0.3389830508474576,0.2711864406779661,0.4124293785310734,0.03542295840717857,0.2157592877931861,0.16563088512241056,0.27059643040575243,0.026814865709731565,0.15552857481126206,0.11813790212437994,0.19803859669258547,0.020512985669311017,0.4067796610169492,0.3333333333333333,0.480225988700565,0.0370209438141427,0.25732323232323234,0.20341433401814757,0.3141034283513097,0.028364355842441482,0.16873928976792255,0.13060000026117533,0.21114721648661489,0.0205548105938487,0.4067796610169492,0.3333333333333333,0.480225988700565,0.0370209438141427,0.25732323232323234,0.20341433401814757,0.3141034283513097,0.028364355842441482,0.16873928976792255,0.13060000026117533,0.21114721648661489,0.0205548105938487,0.4067796610169492,0.3333333333333333,0.480225988700565,0.0370209438141427,0.25732323232323234,0.20341433401814757,0.3141034283513097,0.028364355842441482,0.16873928976792255,0.13060000026117533,0.21114721648661489,0.0205548105938487,0.1791356158412883,0.13574453589292296,0.22769639867113894,0.02358897266389069,0.17453367410994527,0.1308262711864407,0.22385228903237375,0.02373081352535635
minilm,qwen,50,job_to_talent,177,0.4160625626727322,0.07909604519774012,0.04519774011299435,0.12429378531073447,0.02031627224663269,0.05546139359698682,0.026833804143126198,0.09011299435028249,0.016259550962573685,0.07909604519774012,0.04519774011299435,0.12429378531073447,0.02031627224663269,0.2768361581920904,0.21468926553672316,0.3446327683615819,0.03353726315199457,0.16219213931078338,0.11915932937119378,0.2108787939932007,0.023421430390832127,0.1300614750793662,0.09508888505785666,0.17058936337210306,0.01925224176672547,0.3502824858757062,0.2824858757062147,0.423728813559322,0.0359842921139604,0.22255484628365985,0.17344073299581778,0.27865382028517616,0.027133669018873593,0.15231781084286283,0.11654290271622932,0.1939707894509702,0.019734089021944692,0.4632768361581921,0.3898305084745763,0.536723163841808,0.03773122036965946,0.3066439210507007,0.24917810061877857,0.3676099371438354,0.030078706834468165,0.17681448885698064,0.14085049737068847,0.21738225062096034,0.01962479453845175,0.5819209039548022,0.5084745762711864,0.655367231638418,0.03742244423134434,0.4160625626727322,0.354399763372221,0.47946885623792396,0.032087755741067744,0.20375800091191848,0.16803457734920502,0.2435084590225054,0.01937067811723197,0.5819209039548022,0.5084745762711864,0.655367231638418,0.03742244423134434,0.4160625626727322,0.354399763372221,0.47946885623792396,0.032087755741067744,0.20375800091191848,0.16803457734920502,0.2435084590225054,0.01937067811723197,0.17493164257712737,0.13526459172679542,0.21990888470682501,0.021511872520389778,0.1633059815263205,0.12299037081876064,0.2098773652587212,0.021918957938754625
minilm,qwen,100,job_to_talent,177,0.5691387237997407,0.0903954802259887,0.05084745762711865,0.13559322033898305,0.021588892527656837,0.06299435028248587,0.03248587570621469,0.09952919020715631,0.01712957405594664,0.0903954802259887,0.05084745762711865,0.13559322033898305,0.021588892527656837,0.2655367231638418,0.2033898305084746,0.3333333333333333,0.03298552190146273,0.16373908577298407,0.11930298750214005,0.21457841123095361,0.024105629433820573,0.13132463638525257,0.09571790384561393,0.17258971523172872,0.019710647276357372,0.3672316384180791,0.2994350282485876,0.4406779661016949,0.03622626669168109,0.23553819062293638,0.18553513341648936,0.29285815173527036,0.02756194365028995,0.15897790046852187,0.12189846572142042,0.20093974933870895,0.020244826787880428,0.4915254237288136,0.4180790960451977,0.5649717514124294,0.03741469547200137,0.34034717636412554,0.28196575317338024,0.40246293137182954,0.030873761024641875,0.18958330112239868,0.1528979025825173,0.23174055701253604,0.02009119378068616,0.632768361581921,0.5649717514124294,0.7062146892655368,0.03629517820673215,0.46673086800205443,0.40654375168146356,0.529584479785751,0.03169992284423469,0.2203782900358131,0.18439410224786076,0.26056517194189455,0.01950457432492661,0.7288135593220338,0.6666666666666666,0.7911016949152522,0.0335984488378233,0.5691387237997407,0.5088270721745298,0.6309264864137745,0.0312378611729675,0.2409400175891037,0.20598460586991443,0.2799728806731833,0.01886656990887514,0.18269748561040203,0.14219101256941524,0.22797156384459097,0.02205408676628571,0.16864855169939916,0.12718730382925297,0.21476610842076943,0.02258335391919476
minilm,qwen4,10,job_to_talent,177,0.18242595445985277,0.11299435028248588,0.06779661016949153,0.1638418079096045,0.023988038956097246,0.08559322033898305,0.049809322033898325,0.12749529190207157,0.01991177286105552,0.11299435028248588,0.06779661016949153,0.1638418079096045,0.023988038956097246,0.23163841807909605,0.17500000000000124,0.2937853107344633,0.03170659997913534,0.15503338469440164,0.11035546139359699,0.2049428608115048,0.024286189322486836,0.13528789522718287,0.09555671624052554,0.18006328258095472,0.02161975783795221,0.2711864406779661,0.20903954802259886,0.3389830508474576,0.033618116880123936,0.18242595445985277,0.1339924670433145,0.23484163670604347,0.025887248035152327,0.1448762050590204,0.10497806447205099,0.18954550057565778,0.021664133233284526,0.2711864406779661,0.20903954802259886,0.3389830508474576,0.033618116880123936,0.18242595445985277,0.1339924670433145,0.23484163670604347,0.025887248035152327,0.14451735738466456,0.10455553247015235,0.18939066737578003,0.02165776962044852,0.2711864406779661,0.20903954802259886,0.3389830508474576,0.033618116880123936,0.18242595445985277,0.1339924670433145,0.23484163670604347,0.025887248035152327,0.14451735738466456,0.10455553247015235,0.18939066737578003,0.02165776962044852,0.2711864406779661,0.20903954802259886,0.3389830508474576,0.033618116880123936,0.18242595445985277,0.1339924670433145,0.23484163670604347,0.025887248035152327,0.14451735738466456,0.10455553247015235,0.18939066737578003,0.02165776962044852,0.16306385077571517,0.11744193345888262,0.21434574253430178,0.024608497903285568,0.16306385077571517,0.11744193345888262,0.21434574253430178,0.024608497903285568
minilm,qwen4,20,job_to_talent,177,0.25732323232323234,0.12994350282485875,0.0847457627118644,0.1807909604519774,0.025426190439522108,0.08465160075329567,0.0507509416195857,0.12429378531073447,0.018890298791843445,0.12994350282485875,0.0847457627118644,0.1807909604519774,0.025426190439522108,0.2711864406779661,0.20903954802259886,0.3389830508474576,0.033454140101480095,0.1738657764081493,0.1259362694744051,0.22636534839924669,0.025443593256790804,0.1505879983604922,0.10984623659538631,0.19560269622518325,0.021673773399035416,0.3446327683615819,0.2768361581920904,0.4180790960451977,0.035772364599080446,0.22003937681903782,0.16881248929977746,0.27521828454031844,0.0273132179737476,0.16844136354691552,0.12739740674942315,0.21364305075203316,0.02188422224989785,0.4067796610169492,0.3333333333333333,0.480225988700565,0.0370209438141427,0.25732323232323234,0.20341433401814757,0.3141034283513097,0.028364355842441482,0.18011483671581882,0.13930252381267647,0.2252188486983376,0.021808087200206338,0.4067796610169492,0.3333333333333333,0.480225988700565,0.0370209438141427,0.25732323232323234,0.20341433401814757,0.3141034283513097,0.028364355842441482,0.18011483671581882,0.13930252381267647,0.2252188486983376,0.021808087200206338,0.4067796610169492,0.3333333333333333,0.480225988700565,0.0370209438141427,0.25732323232323234,0.20341433401814757,0.3141034283513097,0.028364355842441482,0.18011483671581882,0.13930252381267647,0.2252188486983376,0.021808087200206338,0.19884769622464432,0.15060803826454244,0.2513553079193821,0.02569145693260107,0.1945677517711416,0.1458850663617613,0.2474075195049771,0.025839614412129612
minilm,qwen4,50,job_to_talent,177,0.4160625626727322,0.11864406779661017,0.07344632768361582,0.1694915254237288,0.024518370491477263,0.07994350282485876,0.04642184557438795,0.11987052730696794,0.018744951074720722,0.11864406779661017,0.07344632768361582,0.1694915254237288,0.024518370491477263,0.288135593220339,0.22598870056497175,0.3559322033898305,0.03413980161709115,0.17891016704576027,0.131011660185389,0.2311603321349084,0.025545513725466956,0.15153741593706427,0.11142145641768601,0.19597605551471609,0.021448506135059196,0.3672316384180791,0.2994350282485876,0.4406779661016949,0.036269351010462865,0.2367280553721232,0.18323507471812558,0.29454450681145594,0.028337034543267275,0.1731700503947517,0.1325635228012371,0.21838290860532852,0.021723165821614137,0.4576271186440678,0.384180790960452,0.5310734463276836,0.03774836030441669,0.32444053122019223,0.2631691613471274,0.38706214689265533,0.031456169845458216,0.199055033782407,0.15860743587420617,0.24410468898004054,0.021747514211163627,0.5819209039548022,0.5084745762711864,0.655367231638418,0.03742244423134434,0.4160625626727322,0.354399763372221,0.47946885623792396,0.032087755741067744,0.2216969202506983,0.1816586759587406,0.2657022323313034,0.02128690199079575,0.5819209039548022,0.5084745762711864,0.655367231638418,0.03742244423134434,0.4160625626727322,0.354399763372221,0.47946885623792396,0.032087755741067744,0.2216969202506983,0.1816586759587406,0.2657022323313034,0.02128690199079575,0.20436656600442665,0.15789652416830166,0.25422943567777284,0.02475753084593636,0.19454309030580216,0.1472954779840373,0.24539374271365796,0.02510298589891589
minilm,qwen4,100,job_to_talent,177,0.5691387237997407,0.12429378531073447,0.07909604519774012,0.1751412429378531,0.02499339087844106,0.08559322033898305,0.0507532956685499,0.1271186440677966,0.019442470962206686,0.12429378531073447,0.07909604519774012,0.1751412429378531,0.02499339087844106,0.3220338983050847,0.2542372881355932,0.3898305084745763,0.0352773823777732,0.20621713503069433,0.15418267114241693,0.2617778725511776,0.027312170557579382,0.16724347870923842,0.12582162496715057,0.21312684143744692,0.022243067849315432,0.3672316384180791,0.2994350282485876,0.4406779661016949,0.0361946954864815,0.2420414801770734,0.18795373529483697,0.2997750201775625,0.02873470509052642,0.17987775646816692,0.1384211472819854,0.22541588307600366,0.0223019062787256,0.5028248587570622,0.4293785310734463,0.576271186440678,0.037625071078982567,0.32967080000978305,0.2709539706997334,0.3909003320126202,0.030415405460648498,0.2069436185415173,0.1658530362857938,0.2520057340267328,0.021907477751697893,0.6045197740112994,0.5310734463276836,0.6779661016949152,0.03664306508433672,0.4463448039719226,0.38444303812947883,0.5094333162129772,0.03209656527487948,0.23646369616801713,0.19566804746589156,0.28069566147150044,0.02154454954911195,0.7288135593220338,0.6666666666666666,0.7911016949152522,0.0335984488378233,0.5691387237997407,0.5088270721745298,0.6309264864137745,0.0312378611729675,0.26190063746352255,0.22278727417537436,0.3044962215100604,0.020743359331509035,0.2183869613692432,0.17186800430789034,0.26923834872379715,0.024843304778342446,0.20299748901443818,0.15520872567482735,0.2552424670433145,0.025476444226967546
minilm,qwen8,10,job_to_talent,177,0.18242595445985277,0.12429378531073447,0.07909604519774012,0.1751412429378531,0.024917203992531983,0.08700564971751412,0.05159604519774015,0.1271186440677966,0.019442581033120507,0.12429378531073447,0.07909604519774012,0.1751412429378531,0.024917203992531983,0.24293785310734464,0.1807909604519774,0.3107344632768362,0.032280138492913016,0.16397877075843176,0.11750449409347714,0.21516007532956682,0.024904376646317027,0.14085802358237945,0.10088126129249962,0.18559148439020398,0.021492233772735823,0.2711864406779661,0.20903954802259886,0.3389830508474576,0.033618116880123936,0.18242595445985277,0.1339924670433145,0.23484163670604347,0.025887248035152327,0.14697810820057952,0.10745786976145606,0.1916433700320883,0.021493403101790157,0.2711864406779661,0.20903954802259886,0.3389830508474576,0.033618116880123936,0.18242595445985277,0.1339924670433145,0.23484163670604347,0.025887248035152327,0.14661617330679097,0.10696459370173061,0.19130594316588667,0.021487046675024515,0.2711864406779661,0.20903954802259886,0.3389830508474576,0.033618116880123936,0.18242595445985277,0.1339924670433145,0.23484163670604347,0.025887248035152327,0.14661617330679097,0.10696459370173061,0.19130594316588667,0.021487046675024515,0.2711864406779661,0.20903954802259886,0.3389830508474576,0.033618116880123936,0.18242595445985277,0.1339924670433145,0.23484163670604347,0.025887248035152327,0.14661617330679097,0.10696459370173061,0.19130594316588667,0.021487046675024515,0.17128732849071832,0.12388233118105998,0.22339975114339522,0.025317772484918608,0.17128732849071832,0.12388233118105998,0.22339975114339522,0.025317772484918608
minilm,qwen8,20,job_to_talent,177,0.25732323232323234,0.14124293785310735,0.0903954802259887,0.1977401129943503,0.02640992310535657,0.09595103578154426,0.05875706214689265,0.13822975517890773,0.020276364652848742,0.14124293785310735,0.0903954802259887,0.1977401129943503,0.02640992310535657,0.2994350282485876,0.23163841807909605,0.3672316384180791,0.034236571210632595,0.1889316897791474,0.1412414398219483,0.24143233179250126,0.025609571459743772,0.16419083091319228,0.12238877526402747,0.2096972865910001,0.02243866159648267,0.327683615819209,0.2598870056497175,0.4011299435028249,0.035187374914572106,0.21787365177195686,0.16523519089197058,0.2731471494607088,0.027556077310686766,0.17506820670464435,0.13220362813831715,0.2208510727774088,0.02283576101481146,0.4067796610169492,0.3333333333333333,0.480225988700565,0.0370209438141427,0.25732323232323234,0.20341433401814757,0.3141034283513097,0.028364355842441482,0.18795678394706464,0.1452000147136658,0.23453848101785388,0.022725977207548907,0.4067796610169492,0.3333333333333333,0.480225988700565,0.0370209438141427,0.25732323232323234,0.20341433401814757,0.3141034283513097,0.028364355842441482,0.18795678394706464,0.1452000147136658,0.23453848101785388,0.022725977207548907,0.4067796610169492,0.3333333333333333,0.480225988700565,0.0370209438141427,0.25732323232323234,0.20341433401814757,0.3141034283513097,0.028364355842441482,0.18795678394706464,0.1452000147136658,0.23453848101785388,0.022725977207548907,0.21025409981699011,0.16059830755526563,0.2634236307519091,0.026492037155420985,0.20487848623441846,0.1546585508026186,0.25826842884046275,0.026677270280247894
minilm,qwen8,50,job_to_talent,177,0.4160625626727322,0.11864406779661017,0.07344632768361582,0.1694915254237288,0.024623873270853962,0.08276836158192091,0.047928436911487765,0.12288841807909595,0.019336260503877538,0.11864406779661017,0.07344632768361582,0.1694915254237288,0.024623873270853962,0.3107344632768362,0.24293785310734464,0.3785310734463277,0.03492746828490258,0.2024078557976863,0.15251378800107615,0.2570221280602637,0.02679629580430866,0.16076071789752433,0.12088782931910548,0.20579619193899343,0.02178049790759345,0.384180790960452,0.3107344632768362,0.4576271186440678,0.03662395255211316,0.25625993592095286,0.20136238290899308,0.3139280822755399,0.028958882966682992,0.1817703867871142,0.1412784588057683,0.22717692977956627,0.021997213053493045,0.423728813559322,0.3502824858757062,0.4971751412429379,0.03742113687751083,0.2921833345562159,0.23393743732726785,0.35211133734438815,0.03030612347070267,0.19341874717631857,0.15211046664923322,0.23880936497365493,0.02216476677036454,0.5819209039548022,0.5084745762711864,0.655367231638418,0.03742244423134434,0.4160625626727322,0.354399763372221,0.47946885623792396,0.032087755741067744,0.2235069963520401,0.18303337471100395,0.26820730209622173,0.02155047908036186,0.5819209039548022,0.5084745762711864,0.655367231638418,0.03742244423134434,0.4160625626727322,0.354399763372221,0.47946885623792396,0.032087755741067744,0.2235069963520401,0.18303337471100395,0.26820730209622173,0.02155047908036186,0.2047274901645637,0.15823516974414045,0.2557499874258556,0.02467568359752788,0.19688368756165367,0.14986492242848176,0.24843080217020894,0.024984719792540633
minilm,qwen8,100,job_to_talent,177,0.5691387237997407,0.11864406779661017,0.07344632768361582,0.1694915254237288,0.024624350165758587,0.08653483992467043,0.05037664783427495,0.1275894538606403,0.019961870429455263,0.11864406779661017,0.07344632768361582,0.1694915254237288,0.024624350165758587,0.327683615819209,0.2598870056497175,0.3954802259887006,0.035296516798686416,0.20904199378775648,0.1572014943625113,0.26342615012106535,0.026888955280142828,0.1690263538850495,0.12643947941919917,0.21566321060190144,0.022502757347559577,0.4293785310734463,0.3559322033898305,0.5028248587570622,0.037207962019943405,0.28804632279208553,0.23172353070658155,0.34822250959962825,0.029887509873449365,0.19819577791711684,0.15642020593863593,0.24394745912714055,0.022483052623024434,0.519774011299435,0.4463276836158192,0.5932203389830508,0.03764312605925431,0.35792366766943035,0.29863283256291734,0.4194242974539585,0.030960136885281708,0.22042167806733717,0.17850946520766806,0.26604251287066116,0.02226373406554395,0.6384180790960452,0.5649717514124294,0.7062146892655368,0.03632019061471705,0.466829310049649,0.4055440298872503,0.529608463570328,0.031703915637664754,0.24790726686977585,0.20683766751686594,0.2918741406272561,0.02170830803326249,0.7288135593220338,0.6666666666666666,0.7911016949152522,0.0335984488378233,0.5691387237997407,0.5088270721745298,0.6309264864137745,0.0312378611729675,0.2683703033865443,0.22845337806019214,0.31100252422955343,0.021030969660900733,0.2183283764335131,0.17307323852485523,0.2684319598306497,0.024270478589731248,0.20714958299704062,0.16117579140884225,0.25844459017128507,0.02475152054668726
mpnet,jina,10,job_to_talent,177,0.17080367843079708,0.1016949152542373,0.05649717514124294,0.14689265536723164,0.02291611714017343,0.07584317753809279,0.0423728813559322,0.11444958055127546,0.01853180168650688,0.1016949152542373,0.05649717514124294,0.14689265536723164,0.02291611714017343,0.1977401129943503,0.14124293785310735,0.2598870056497175,0.030271389478697296,0.13064543742509846,0.08935969868173257,0.17725560691662387,0.022493118112511017,0.11567478272853643,0.07869585032260915,0.15841952909494655,0.020282171007513068,0.2598870056497175,0.1977401129943503,0.327683615819209,0.032906026696230974,0.17080367843079708,0.12337980287132827,0.2223312116320591,0.024800424883120925,0.12915955540718657,0.09148018324087172,0.17124551110961772,0.020222868341378184,0.2598870056497175,0.1977401129943503,0.327683615819209,0.032906026696230974,0.17080367843079708,0.12337980287132827,0.2223312116320591,0.024800424883120925,0.1286150072029469,0.09114555449438415,0.17060134099349317,0.02019109804969469,0.2598870056497175,0.1977401129943503,0.327683615819209,0.032906026696230974,0.17080367843079708,0.12337980287132827,0.2223312116320591,0.024800424883120925,0.1286150072029469,0.09114555449438415,0.17060134099349317,0.02019109804969469,0.2598870056497175,0.1977401129943503,0.327683615819209,0.032906026696230974,0.17080367843079708,0.12337980287132827,0.2223312116320591,0.024800424883120925,0.1286150072029469,0.09114555449438415,0.17060134099349317,0.02019109804969469,0.14195363644516187,0.09864782306519596,0.1904228880817864,0.023315147327078938,0.14195363644516187,0.09864782306519596,0.1904228880817864,0.023315147327078938
mpnet,jina,20,job_to_talent,177,0.2472295595176951,0.10734463276836158,0.062146892655367235,0.15819209039548024,0.023346145263049945,0.07631398733093649,0.04292929292929293,0.11450201164184201,0.018362294902464736,0.10734463276836158,0.062146892655367235,0.15819209039548024,0.023346145263049945,0.20903954802259886,0.15254237288135594,0.2711864406779661,0.03069170621748478,0.14674713234035267,0.10178051703475433,0.1966101694915254,0.02409431379316089,0.12181956734757304,0.08443342118695547,0.16371165524154,0.020383027308760793,0.2542372881355932,0.192090395480226,0.3220338983050847,0.03298586050901781,0.17198498300193216,0.12575959351383081,0.22400307554968574,0.025292314829042113,0.13126695551382883,0.09382896119024556,0.17345228103588103,0.020419805531493883,0.3728813559322034,0.3050847457627119,0.4463276836158192,0.03636528091075805,0.2472295595176951,0.1941752421307506,0.3040572186758627,0.028140245629280553,0.15379515006713781,0.11660777137603719,0.1956724560818143,0.02020443277404782,0.3728813559322034,0.3050847457627119,0.4463276836158192,0.03636528091075805,0.2472295595176951,0.1941752421307506,0.3040572186758627,0.028140245629280553,0.15379515006713781,0.11660777137603719,0.1956724560818143,0.02020443277404782,0.3728813559322034,0.3050847457627119,0.4463276836158192,0.03636528091075805,0.2472295595176951,0.1941752421307506,0.3040572186758627,0.028140245629280553,0.15379515006713781,0.11660777137603719,0.1956724560818143,0.02020443277404782,0.15401725399560842,0.11095844223305588,0.20275194489052908,0.023436764196883682,0.1456192269751592,0.1021861268047709,0.19522150479777592,0.023679764301640562
mpnet,jina,50,job_to_talent,177,0.4302632866192188,0.10734463276836158,0.062146892655367235,0.15254237288135594,0.023329185278547486,0.07678479712378018,0.0428436911487759,0.11586200992980654,0.01883185414704702,0.10734463276836158,0.062146892655367235,0.15254237288135594,0.023329185278547486,0.23728813559322035,0.1751412429378531,0.2994350282485876,0.03184569097649834,0.15409176510871425,0.10856852422530389,0.20404061804485532,0.02426631919180266,0.1278059533089729,0.08900881736858161,0.17033530642813893,0.02062008950764672,0.327683615819209,0.2598870056497175,0.4011299435028249,0.03541958450333613,0.21876819037835984,0.16760828625235402,0.2754845060777264,0.027465072026695,0.15178651900422452,0.11385703667495813,0.19468469238127556,0.020796669700108537,0.4350282485875706,0.3615819209039548,0.5084745762711864,0.03739426703638177,0.2927305745102355,0.23634267921344193,0.3542922719935432,0.029731419380512908,0.17264320520350163,0.1342676583445802,0.21484058185461757,0.020495042149242988,0.5875706214689266,0.5141242937853108,0.6610169491525424,0.03690970837739996,0.4302632866192188,0.3675409054222614,0.4943458342504953,0.03237001532636524,0.20709678139630225,0.16854684172145074,0.2485791482669625,0.020244518697614254,0.5875706214689266,0.5141242937853108,0.6610169491525424,0.03690970837739996,0.4302632866192188,0.3675409054222614,0.4943458342504953,0.03237001532636524,0.20709678139630225,0.16854684172145074,0.2485791482669625,0.020244518697614254,0.17463476068405354,0.13174497195276388,0.22201652540187333,0.023202645728760452,0.1627275580665411,0.11921492467043315,0.21105859339969507,0.02363981510825496
mpnet,jina,100,job_to_talent,177,0.5714456917846747,0.10734463276836158,0.062146892655367235,0.15254237288135594,0.023268785008517458,0.08384694401643554,0.047122710152371176,0.12570621468926554,0.01994400575504598,0.10734463276836158,0.062146892655367235,0.15254237288135594,0.023268785008517458,0.2598870056497175,0.1977401129943503,0.327683615819209,0.03284408775827847,0.1661983026389806,0.11943074815956171,0.21770837919142996,0.02503436885785143,0.13756300411475542,0.09719617076592083,0.18200351339091733,0.02145315049317874,0.3672316384180791,0.2994350282485876,0.4406779661016949,0.0364599728141244,0.24444261012057622,0.18982673282461424,0.30244837906914174,0.028587182194524826,0.16437286315381872,0.12418342910359495,0.20830543348385555,0.02148515077617655,0.4350282485875706,0.3615819209039548,0.5084745762711864,0.03739741476674872,0.28713649815344733,0.23105131215300706,0.3465240632719446,0.029463435866375266,0.17720317930586907,0.13712934721210224,0.22064194871027984,0.02132099892402325,0.6101694915254238,0.536723163841808,0.6836158192090396,0.03664474199351566,0.4323055005258395,0.37064588072003335,0.49365923154058744,0.031076969524396918,0.2120635938363842,0.1726482222526333,0.2539058792180173,0.020560790561649903,0.7175141242937854,0.6497175141242938,0.7853107344632768,0.03399959983748532,0.5714456917846747,0.5078753026634383,0.6339236034680951,0.03178901472774945,0.24069490299935217,0.2022895326012792,0.28152428228194576,0.020146019912694026,0.18171401519254943,0.13829828631312116,0.22947596690714486,0.02315753951345144,0.17033225719666398,0.1262526903416734,0.2190280019729172,0.02360108258033545
mpnet,qwen,10,job_to_talent,177,0.17080367843079708,0.0903954802259887,0.05084745762711865,0.13559322033898305,0.02169520538147578,0.061581920903954805,0.03145009416195857,0.09736346516007534,0.016697234439743094,0.0903954802259887,0.05084745762711865,0.13559322033898305,0.02169520538147578,0.23728813559322035,0.1751412429378531,0.2994350282485876,0.03200341119422502,0.14674957810551031,0.10396690879741728,0.19339187883679407,0.022904164836607815,0.122764002811371,0.08679929117556369,0.16333890864776382,0.019516412871858995,0.2598870056497175,0.1977401129943503,0.327683615819209,0.032906026696230974,0.17080367843079708,0.12337980287132827,0.2223312116320591,0.024800424883120925,0.1285859261327243,0.09253713769538559,0.16930993666898497,0.019470892136918837,0.2598870056497175,0.1977401129943503,0.327683615819209,0.032906026696230974,0.17080367843079708,0.12337980287132827,0.2223312116320591,0.024800424883120925,0.12796357880395862,0.09205731480181549,0.16838820817729072,0.019426735473536353,0.2598870056497175,0.1977401129943503,0.327683615819209,0.032906026696230974,0.17080367843079708,0.12337980287132827,0.2223312116320591,0.024800424883120925,0.12796357880395862,0.09205731480181549,0.16838820817729072,0.019426735473536353,0.2598870056497175,0.1977401129943503,0.327683615819209,0.032906026696230974,0.17080367843079708,0.12337980287132827,0.2223312116320591,0.024800424883120925,0.12796357880395862,0.09205731480181549,0.16838820817729072,0.019426735473536353,0.1467984934086629,0.10439422473320778,0.19447583176396732,0.022781665315168745,0.1467984934086629,0.10439422473320778,0.19447583176396732,0.022781665315168745
mpnet,qwen,20,job_to_talent,177,0.2472295595176951,0.0847457627118644,0.04519774011299435,0.12994350282485875,0.021058012062005638,0.05828625235404896,0.028719397363465158,0.09406779661016948,0.016467351758187043,0.0847457627118644,0.04519774011299435,0.12994350282485875,0.021058012062005638,0.23728813559322035,0.1751412429378531,0.2994350282485876,0.03214424537569309,0.1528297502873774,0.10848793626336,0.202477254384034,0.023785216235298286,0.12287764183268902,0.08740733069472602,0.16341117709322722,0.019444598122547885,0.3050847457627119,0.23728813559322035,0.3728813559322034,0.034433310001021976,0.20405385574877102,0.15460011739672755,0.25715878518844615,0.026335006361851338,0.13971124366712534,0.10430863838045895,0.18019780405445382,0.019361169839303388,0.3728813559322034,0.3050847457627119,0.4463276836158192,0.03636528091075805,0.2472295595176951,0.1941752421307506,0.3040572186758627,0.028140245629280553,0.15245695092104528,0.11676722247089032,0.19264757250128675,0.019305492109365576,0.3728813559322034,0.3050847457627119,0.4463276836158192,0.03636528091075805,0.2472295595176951,0.1941752421307506,0.3040572186758627,0.028140245629280553,0.15245695092104528,0.11676722247089032,0.19264757250128675,0.019305492109365576,0.3728813559322034,0.3050847457627119,0.4463276836158192,0.03636528091075805,0.2472295595176951,0.1941752421307506,0.3040572186758627,0.028140245629280553,0.15245695092104528,0.11676722247089032,0.19264757250128675,0.019305492109365576,0.15458880622796767,0.11456215476258966,0.20004600582042595,0.022029208859344358,0.14983409559680744,0.10947874630078021,0.1958183122589902,0.02216122568221036
mpnet,qwen,50,job_to_talent,177,0.4302632866192188,0.0903954802259887,0.05084745762711865,0.13559322033898305,0.02147421878720313,0.05922787193973634,0.029943502824858755,0.09397363465160075,0.01634383212900974,0.0903954802259887,0.05084745762711865,0.13559322033898305,0.02147421878720313,0.2542372881355932,0.192090395480226,0.3220338983050847,0.032839936631559215,0.15456502066671557,0.11143804876855724,0.20352923912245943,0.023642587934612182,0.1281372023069462,0.09262536573869434,0.16896017552977122,0.019657798371041826,0.3446327683615819,0.2768361581920904,0.4180790960451977,0.03600867646213559,0.23077873162618925,0.17958030669895075,0.2881783941105975,0.027756780029529957,0.1563318735042187,0.11912303773810742,0.1980224145543604,0.020147610814149213,0.4463276836158192,0.3728813559322034,0.519774011299435,0.03714751749598005,0.3145828747523663,0.2575309695013085,0.37601664343189767,0.030242116737189524,0.18093015578158242,0.14418971387231186,0.2216753067308141,0.019944686830230773,0.5875706214689266,0.5141242937853108,0.6610169491525424,0.03690970837739996,0.4302632866192188,0.3675409054222614,0.4943458342504953,0.03237001532636524,0.21003803325361103,0.17344650544386145,0.24993529671330258,0.01961898413083511,0.5875706214689266,0.5141242937853108,0.6610169491525424,0.03690970837739996,0.4302632866192188,0.3675409054222614,0.4943458342504953,0.03237001532636524,0.21003803325361103,0.17344650544386145,0.24993529671330258,0.01961898413083511,0.17737247196570927,0.13672667676388509,0.22284682463946243,0.022151436717837873,0.16478791139808088,0.12299793740471708,0.21132712312797056,0.022624414102782264
mpnet,qwen,100,job_to_talent,177,0.5714456917846747,0.0847457627118644,0.04519774011299435,0.12994350282485875,0.02096948037546366,0.05734463276836158,0.02815442561205273,0.09181261770244814,0.01628390220985032,0.0847457627118644,0.04519774011299435,0.12994350282485875,0.02096948037546366,0.24293785310734464,0.1807909604519774,0.3050847457627119,0.03201472958502855,0.15093305940763568,0.10740305598356445,0.19998523369286073,0.023479986984298026,0.12440802338971423,0.0887661259490876,0.16519538415753823,0.019503700815378004,0.3559322033898305,0.288135593220339,0.4293785310734463,0.035937699536130366,0.2359148384572113,0.18400420671607115,0.2932476398366229,0.027975727637813405,0.15469967843338414,0.11823748787738343,0.1954536662382357,0.01982078653264934,0.4632768361581921,0.3898305084745763,0.536723163841808,0.03723063733297455,0.3283977792452369,0.2697584195465552,0.3913142319074522,0.030722756077833473,0.18136410201647926,0.14517456084165659,0.22173798391278346,0.019653934472937243,0.655367231638418,0.5819209039548022,0.7233050847457606,0.03581330787797325,0.48786350184655264,0.4249374495560937,0.5501620930858219,0.032002564468324286,0.21938067858615773,0.18437402560176935,0.25802455662239554,0.018893866800594357,0.7175141242937854,0.6497175141242938,0.7853107344632768,0.03399959983748532,0.5714456917846747,0.5078753026634383,0.6339236034680951,0.03178901472774945,0.23733176917919002,0.2032778670658166,0.275350232137551,0.018528921022180317,0.17569063218873024,0.1356301933419962,0.22027506642453665,0.021598747268748466,0.1615415657788539,0.12063458434221148,0.20683346785041698,0.022123427919472922
mpnet,qwen4,10,job_to_talent,177,0.17080367843079708,0.10734463276836158,0.062146892655367235,0.15819209039548024,0.02338857801171749,0.07947269303201507,0.04462806026365353,0.11864406779661017,0.019007558603043907,0.10734463276836158,0.062146892655367235,0.15819209039548024,0.02338857801171749,0.20903954802259886,0.15254237288135594,0.2711864406779661,0.03069660749712397,0.13079340621713503,0.08897580526817815,0.17665107491378676,0.022268785430396874,0.12222965551306551,0.08387506993795789,0.16609415652905254,0.02085839434734787,0.2598870056497175,0.1977401129943503,0.327683615819209,0.032906026696230974,0.17080367843079708,0.12337980287132827,0.2223312116320591,0.024800424883120925,0.13601197653279953,0.09708268155719992,0.1795912485859996,0.02092837796635431,0.2598870056497175,0.1977401129943503,0.327683615819209,0.032906026696230974,0.17080367843079708,0.12337980287132827,0.2223312116320591,0.024800424883120925,0.1354544065729137,0.09648607470094428,0.17877403195187788,0.020896057616555372,0.2598870056497175,0.1977401129943503,0.327683615819209,0.032906026696230974,0.17080367843079708,0.12337980287132827,0.2223312116320591,0.024800424883120925,0.1354544065729137,0.09648607470094428,0.17877403195187788,0.020896057616555372,0.2598870056497175,0.1977401129943503,0.327683615819209,0.032906026696230974,0.17080367843079708,0.12337980287132827,0.2223312116320591,0.024800424883120925,0.1354544065729137,0.09648607470094428,0.17877403195187788,0.020896057616555372,0.15418572325351987,0.10934260380234957,0.20440661151466236,0.02412619071074185,0.15418572325351987,0.10934260380234957,0.20440661151466236,0.02412619071074185
mpnet,qwen4,20,job_to_talent,177,0.2472295595176951,0.11299435028248588,0.06779661016949153,0.1638418079096045,0.023760884696201263,0.08615819209039548,0.05084745762711865,0.12664783427495294,0.01967883152508833,0.11299435028248588,0.06779661016949153,0.1638418079096045,0.023760884696201263,0.22033898305084745,0.1638418079096045,0.2824858757062147,0.031427189638712064,0.15380927923300805,0.10861046909775723,0.20390344119157677,0.02443333916547768,0.13571897011436238,0.0955541870825906,0.18123165350890022,0.021812233628270585,0.2937853107344633,0.23163841807909605,0.3615819209039548,0.0344562569445874,0.19732127571110622,0.14820236260914227,0.25115362156675713,0.026492967626185637,0.1517787555595343,0.1117739918515506,0.19713099950287954,0.02177793373717083,0.3728813559322034,0.3050847457627119,0.4463276836158192,0.03636528091075805,0.2472295595176951,0.1941752421307506,0.3040572186758627,0.028140245629280553,0.16660151759366992,0.12614475390470273,0.21111712604939706,0.021561454482705064,0.3728813559322034,0.3050847457627119,0.4463276836158192,0.03636528091075805,0.2472295595176951,0.1941752421307506,0.3040572186758627,0.028140245629280553,0.16660151759366992,0.12614475390470273,0.21111712604939706,0.021561454482705064,0.3728813559322034,0.3050847457627119,0.4463276836158192,0.03636528091075805,0.2472295595176951,0.1941752421307506,0.3040572186758627,0.028140245629280553,0.16660151759366992,0.12614475390470273,0.21111712604939706,0.021561454482705064,0.17086528217215105,0.12638402896208428,0.22114507287901575,0.02422587846537976,0.1651376558156219,0.12039189310375754,0.21567606044300963,0.02440455587838349
mpnet,qwen4,50,job_to_talent,177,0.4302632866192188,0.13559322033898305,0.0847457627118644,0.1864406779661017,0.02577709995066631,0.10875706214689265,0.06873822975517892,0.15489642184557437,0.022190010786990542,0.13559322033898305,0.0847457627118644,0.1864406779661017,0.02577709995066631,0.288135593220339,0.22598870056497175,0.3559322033898305,0.03408888947515127,0.19072076699195342,0.14137048450607773,0.24481274610511897,0.026353138454136733,0.1654378803463539,0.12225880388085615,0.2133827611933461,0.02340866757849419,0.3898305084745763,0.3163841807909605,0.4632768361581921,0.036620990222737945,0.25211252965490255,0.19799925709883343,0.31076210042311736,0.028475756929689826,0.18739896845294507,0.14416165876198578,0.23513112705476272,0.0233062902694644,0.4745762711864407,0.4011299435028249,0.5536723163841808,0.037639316934857794,0.3235325409054222,0.2640851768288209,0.38603040086090934,0.030667277736426222,0.2086254776290142,0.1652651377884793,0.2566038632299031,0.02325378236693897,0.5875706214689266,0.5141242937853108,0.6610169491525424,0.03690970837739996,0.4302632866192188,0.3675409054222614,0.4943458342504953,0.03237001532636524,0.23536697966549325,0.19246313109477184,0.28210802215365166,0.022777083948051797,0.5875706214689266,0.5141242937853108,0.6610169491525424,0.03690970837739996,0.4302632866192188,0.3675409054222614,0.4943458342504953,0.03237001532636524,0.23536697966549325,0.19246313109477184,0.28210802215365166,0.022777083948051797,0.2130221180883856,0.16545112954829608,0.2652473066843899,0.025528537494578972,0.2035198636893552,0.15544508340059193,0.25611055062326243,0.025907667528163324
mpnet,qwen4,100,job_to_talent,177,0.5714456917846747,0.12994350282485875,0.0847457627118644,0.1807909604519774,0.025328520227748154,0.10310734463276836,0.06403013182674198,0.14877589453860643,0.021605688595369505,0.12994350282485875,0.0847457627118644,0.1807909604519774,0.025328520227748154,0.3107344632768362,0.24293785310734464,0.3785310734463277,0.034725458658066054,0.1983546114902047,0.14853492552645095,0.25254339704551565,0.026520080091839742,0.17085914160586577,0.12729755689529296,0.21832398769739855,0.02315949713374869,0.3898305084745763,0.3220338983050847,0.4632768361581921,0.03666720429558926,0.2591318756572994,0.20432681842639472,0.3185559743928388,0.029090882526554892,0.19120332678734264,0.1474571936020218,0.23800931847034648,0.02308537877152393,0.4858757062146893,0.4124293785310734,0.559322033898305,0.037508636161758584,0.3270856262381686,0.2694785934404579,0.3894540440726881,0.030484659534630972,0.21229524558480922,0.1688894690501361,0.2593333370019716,0.02287605748669696,0.6666666666666666,0.5988700564971752,0.7344632768361582,0.03557843184842832,0.4833504536894367,0.42129113471274493,0.5454839710665982,0.03170287970505907,0.24986741300063614,0.2076424441464166,0.2947693124637008,0.02210185192808868,0.7175141242937854,0.6497175141242938,0.7853107344632768,0.03399959983748532,0.5714456917846747,0.5078753026634383,0.6339236034680951,0.03178901472774945,0.2690824674761046,0.22799694982214758,0.3128543887441328,0.02163005740314569,0.22127824804865365,0.17482598061522198,0.2721749203051347,0.025051193377265156,0.2084566406600305,0.16110135862254507,0.2602773293874989,0.025593604483697407
mpnet,qwen8,10,job_to_talent,177,0.17080367843079708,0.0903954802259887,0.05084745762711865,0.13559322033898305,0.021752015135827706,0.06534839924670433,0.03389830508474576,0.1016949152542373,0.017428296041901607,0.0903954802259887,0.05084745762711865,0.13559322033898305,0.021752015135827706,0.20903954802259886,0.15254237288135594,0.2711864406779661,0.030756407420272094,0.13657764081492896,0.09373394966615307,0.18375406608457454,0.02286266756976882,0.11651500200834003,0.08014292420715535,0.15755646130199139,0.01974326620334355,0.2598870056497175,0.1977401129943503,0.327683615819209,0.032906026696230974,0.17080367843079708,0.12337980287132827,0.2223312116320591,0.024800424883120925,0.12812931816312287,0.09141931491744533,0.16913519466128898,0.019687914773454784,0.2598870056497175,0.1977401129943503,0.327683615819209,0.032906026696230974,0.17080367843079708,0.12337980287132827,0.2223312116320591,0.024800424883120925,0.12752715933551315,0.09089685826520828,0.16847109801561538,0.01964582399335378,0.2598870056497175,0.1977401129943503,0.327683615819209,0.032906026696230974,0.17080367843079708,0.12337980287132827,0.2223312116320591,0.024800424883120925,0.12752715933551315,0.09089685826520828,0.16847109801561538,0.01964582399335378,0.2598870056497175,0.1977401129943503,0.327683615819209,0.032906026696230974,0.17080367843079708,0.12337980287132827,0.2223312116320591,0.024800424883120925,0.12752715933551315,0.09089685826520828,0.16847109801561538,0.01964582399335378,0.1435880190117478,0.1015508138283562,0.19090479553403283,0.022766719276653795,0.1435880190117478,0.1015508138283562,0.19090479553403283,0.022766719276653795
mpnet,qwen8,20,job_to_talent,177,0.2472295595176951,0.11864406779661017,0.07344632768361582,0.1694915254237288,0.024512694335789766,0.08559322033898305,0.04981167608286252,0.12655367231638417,0.019790684532790287,0.11864406779661017,0.07344632768361582,0.1694915254237288,0.024512694335789766,0.24858757062146894,0.1864406779661017,0.3163841807909605,0.032711191268700354,0.16718027734976887,0.12032935285053929,0.21854155966444103,0.024922779579204073,0.1430353787252523,0.10245358180591913,0.18791062641174477,0.02187313983292641,0.3050847457627119,0.23728813559322035,0.3728813559322034,0.034663742906634196,0.20546628512730208,0.15557344021327071,0.2592413236481033,0.026535398487995535,0.1572663590533444,0.11700450900460203,0.2025652247169211,0.021787806954919022,0.3728813559322034,0.3050847457627119,0.4463276836158192,0.03636528091075805,0.2472295595176951,0.1941752421307506,0.3040572186758627,0.028140245629280553,0.16901718340815886,0.12909181394744337,0.21378413446132524,0.021606271513638604,0.3728813559322034,0.3050847457627119,0.4463276836158192,0.03636528091075805,0.2472295595176951,0.1941752421307506,0.3040572186758627,0.028140245629280553,0.16901718340815886,0.12909181394744337,0.21378413446132524,0.021606271513638604,0.3728813559322034,0.3050847457627119,0.4463276836158192,0.03636528091075805,0.2472295595176951,0.1941752421307506,0.3040572186758627,0.028140245629280553,0.16901718340815886,0.12909181394744337,0.21378413446132524,0.021606271513638604,0.1779388289233753,0.13232560556619632,0.22951248135196287,0.024796361184060756,0.17330060084297375,0.12744961214240877,0.22525440543449018,0.024944259110266636
mpnet,qwen8,50,job_to_talent,177,0.4302632866192188,0.15254237288135594,0.1016949152542373,0.20903954802259886,0.027209837816996613,0.1147834274952919,0.07203389830508475,0.1619656308851223,0.022888955735288766,0.15254237288135594,0.1016949152542373,0.20903954802259886,0.027209837816996613,0.3220338983050847,0.2542372881355932,0.3954802259887006,0.035319354929656745,0.20969012155452835,0.1590305598356446,0.2642276579352849,0.027081442108673644,0.17990276874234193,0.1348528207039341,0.22867982964036504,0.024033896859821016,0.4011299435028249,0.327683615819209,0.4745762711864407,0.036988391883035585,0.2741397021058038,0.2183949666153056,0.3354048964218455,0.02965486256888025,0.20309711866057426,0.15887882525556019,0.2518957161865714,0.02390591890666008,0.4745762711864407,0.4011299435028249,0.5480225988700564,0.03762504352449634,0.3377552767383276,0.2778850551520043,0.4006844779514271,0.031241128087401485,0.22299460063530244,0.17782258286734054,0.27203320714312496,0.023921303501063498,0.5875706214689266,0.5141242937853108,0.6610169491525424,0.03690970837739996,0.4302632866192188,0.3675409054222614,0.4943458342504953,0.03237001532636524,0.24626484683618405,0.2018906510024168,0.2939105584338928,0.02343451371034098,0.5875706214689266,0.5141242937853108,0.6610169491525424,0.03690970837739996,0.4302632866192188,0.3675409054222614,0.4943458342504953,0.03237001532636524,0.24626484683618405,0.2018906510024168,0.2939105584338928,0.02343451371034098,0.2310082944571121,0.18095993165413418,0.28524898148531086,0.026648639614991632,0.22199802708277283,0.17156740426867542,0.27718164290198183,0.027043813671883764
mpnet,qwen8,100,job_to_talent,177,0.5714456917846747,0.13559322033898305,0.0847457627118644,0.1864406779661017,0.02595449081641811,0.10160075329566856,0.06195856873822977,0.14576271186440676,0.021584520296109758,0.13559322033898305,0.0847457627118644,0.1864406779661017,0.02595449081641811,0.3333333333333333,0.2655367231638418,0.4067796610169492,0.03549960368586155,0.21139604275197496,0.16054852398072736,0.26492066549269944,0.026882529580986737,0.17519331427595478,0.13166000839264386,0.22074857236860734,0.02315069582602136,0.4350282485875706,0.3615819209039548,0.5084745762711864,0.037175236017257654,0.286068921662142,0.22975496490326996,0.34665697532222955,0.029640431700663845,0.2022809477502516,0.1587197305371686,0.24821357268470734,0.023038085561905564,0.5141242937853108,0.4406779661016949,0.5875706214689266,0.0375767314856702,0.3493977303299337,0.2897257074375718,0.41042059517695106,0.030524184375581666,0.22259077900783297,0.1796644930543372,0.2684565685151102,0.022770265992781848,0.655367231638418,0.5875706214689266,0.7231638418079096,0.0357045443675324,0.48363721965416884,0.42188530278572645,0.5457244050676253,0.03169967472827895,0.25569913065680383,0.21364901076858994,0.30033384025071974,0.022207858961690436,0.7175141242937854,0.6497175141242938,0.7853107344632768,0.03399959983748532,0.5714456917846747,0.5078753026634383,0.6339236034680951,0.03178901472774945,0.2740234682439777,0.23292528233152066,0.31740349596736916,0.021791671818281823,0.22868966083963704,0.1821892899745399,0.2799420104029458,0.025314385726212387,0.21761052820374854,0.16976027934714372,0.26984995740292345,0.02580330894939219
qwen3_embedding,jina,10,job_to_talent,177,0.2295827524641084,0.11299435028248588,0.06779661016949153,0.1638418079096045,0.023837307417897753,0.08286252354048963,0.04849340866290018,0.12241054613935969,0.019077136430056183,0.11299435028248588,0.06779661016949153,0.1638418079096045,0.023837307417897753,0.2768361581920904,0.21468926553672316,0.3446327683615819,0.03379066344612761,0.18188054882970137,0.13446260425073983,0.23483992467043313,0.025605765046118743,0.14212653973026315,0.10327958052695294,0.1856886750916372,0.021067099677342077,0.3559322033898305,0.288135593220339,0.4293785310734463,0.036262887583091014,0.2295827524641084,0.17873055616699687,0.2849221635238584,0.027269965257553794,0.1610856230508295,0.1223831511630036,0.20438113974540928,0.02103853926053349,0.3559322033898305,0.288135593220339,0.4293785310734463,0.036262887583091014,0.2295827524641084,0.17873055616699687,0.2849221635238584,0.027269965257553794,0.1608836189788536,0.12222240780565054,0.20420510752357968,0.021037728970820645,0.3559322033898305,0.288135593220339,0.4293785310734463,0.036262887583091014,0.2295827524641084,0.17873055616699687,0.2849221635238584,0.027269965257553794,0.1608836189788536,0.12222240780565054,0.20420510752357968,0.021037728970820645,0.3559322033898305,0.288135593220339,0.4293785310734463,0.036262887583091014,0.2295827524641084,0.17873055616699687,0.2849221635238584,0.027269965257553794,0.1608836189788536,0.12222240780565054,0.20420510752357968,0.021037728970820645,0.17091292260783786,0.12688514483006008,0.21998262487669262,0.0239441416766657,0.17091292260783786,0.12688514483006008,0.21998262487669262,0.0239441416766657
qwen3_embedding,jina,20,job_to_talent,177,0.31775686648568,0.1016949152542373,0.062146892655367235,0.14689265536723164,0.022716950206358198,0.07721280602636535,0.043785310734463276,0.1162900188323917,0.018765919095949733,0.1016949152542373,0.062146892655367235,0.14689265536723164,0.022716950206358198,0.24293785310734464,0.1807909604519774,0.3107344632768362,0.032448546452408966,0.16840866290018833,0.12156191148775895,0.22184792843691145,0.02548236066714725,0.13152972753417688,0.09382309327488024,0.1743972687038143,0.020712338513213305,0.3785310734463277,0.3050847457627119,0.4519774011299435,0.036756367913712285,0.2441087631765598,0.19034783366351163,0.3015208990632719,0.028126000385793055,0.1608859240744056,0.12288828048714032,0.20382756337822278,0.02064850784838898,0.4915254237288136,0.4180790960451977,0.5649717514124294,0.03734793403615691,0.31775686648568,0.2616411389928339,0.3776305885733851,0.02950833104154692,0.1843827081771591,0.14712232006735973,0.22657281552708178,0.02041162417814987,0.4915254237288136,0.4180790960451977,0.5649717514124294,0.03734793403615691,0.31775686648568,0.2616411389928339,0.3776305885733851,0.02950833104154692,0.1843827081771591,0.14712232006735973,0.22657281552708178,0.02041162417814987,0.4915254237288136,0.4180790960451977,0.5649717514124294,0.03734793403615691,0.31775686648568,0.2616411389928339,0.3776305885733851,0.02950833104154692,0.1843827081771591,0.14712232006735973,0.22657281552708178,0.02041162417814987,0.17365607728597707,0.1321182181964145,0.22089705160486234,0.022811660759509002,0.1655412070666308,0.12309428526589543,0.21318284234597795,0.023114648772348204
qwen3_embedding,jina,50,job_to_talent,177,0.4828142196786265,0.0847457627118644,0.04519774011299435,0.12994350282485875,0.021023750919289666,0.06685499058380415,0.03531073446327684,0.10451977401129943,0.017897280676991385,0.0847457627118644,0.04519774011299435,0.12994350282485875,0.021023750919289666,0.23163841807909605,0.1694915254237288,0.2937853107344633,0.031961862408194215,0.1544684129429892,0.1088426639274097,0.20437425098442047,0.02467651208178776,0.12532645068715015,0.08772544022169552,0.16688601472950373,0.0204462459669495,0.3333333333333333,0.2655367231638418,0.4067796610169492,0.035682310595200606,0.22113079952063003,0.17012262455059066,0.27744104177366885,0.027543519448946917,0.14909272711739957,0.11152149266489299,0.19055280440627181,0.020376049167613323,0.4858757062146893,0.4124293785310734,0.559322033898305,0.037858677320191186,0.30827157776310316,0.25228556753980486,0.36712307701714486,0.02932897260673943,0.17638958061651555,0.13882751126033777,0.217398962473884,0.020162977130260808,0.6610169491525424,0.5932203389830508,0.7288135593220338,0.035511048718097335,0.4828142196786265,0.42047596118570696,0.5449254347347569,0.03162670954793999,0.21886504171403942,0.18210595225079526,0.25827983202197247,0.01948247922536105,0.6610169491525424,0.5932203389830508,0.7288135593220338,0.035511048718097335,0.4828142196786265,0.42047596118570696,0.5449254347347569,0.03162670954793999,0.21886504171403942,0.18210595225079526,0.25827983202197247,0.01948247922536105,0.17079985905213074,0.1301876848292261,0.21515119851618383,0.021728318422587694,0.15502421307506054,0.11319147385884672,0.20055605999461928,0.022303036229740312
qwen3_embedding,jina,100,job_to_talent,177,0.6091104752121701,0.07909604519774012,0.04519774011299435,0.12429378531073447,0.02031551564384687,0.064030131826742,0.03295668549905838,0.1016949152542373,0.017710397784754323,0.07909604519774012,0.04519774011299435,0.12429378531073447,0.02031551564384687,0.24293785310734464,0.1807909604519774,0.3107344632768362,0.03252508123067323,0.14896666422090152,0.10469874287670898,0.19808557732286533,0.023906314765821838,0.11999762273509856,0.08315434529046861,0.16117083077694747,0.019936226464797663,0.3333333333333333,0.2655367231638418,0.4067796610169492,0.03579538525838975,0.21186685254481863,0.1617211155134884,0.26798737985178667,0.027070142721857208,0.14321563326349335,0.1061546702091601,0.18484484283331237,0.02023966048944711,0.4463276836158192,0.3728813559322034,0.519774011299435,0.03776069745055703,0.28469256731968595,0.22899491280847212,0.34354480030327483,0.02894852231072614,0.16502187560499898,0.1280430813117291,0.20590824567634472,0.019964130737257633,0.6271186440677966,0.5536723163841808,0.7005649717514124,0.03639519059568998,0.4390405263286619,0.37861776053513346,0.5003346571037248,0.030994953273625923,0.20302174691539845,0.16669431735472323,0.24278711569423353,0.019407913758325217,0.7457627118644068,0.6836158192090396,0.807909604519774,0.03286071099421359,0.6091104752121701,0.5478330214982757,0.6694821092278719,0.031130909790062267,0.23737941590093944,0.20211504346278322,0.27560266798882005,0.018763284823398174,0.16360751522823413,0.1246019281736718,0.2067717512148585,0.02113447432146336,0.14833198816249663,0.10800034750246615,0.19236974262397985,0.021674003135929334
qwen3_embedding,qwen,10,job_to_talent,177,0.2295827524641084,0.10734463276836158,0.062146892655367235,0.15819209039548024,0.023437377360484356,0.06911487758945385,0.037570621468926556,0.10630885122410547,0.01748324539900669,0.10734463276836158,0.062146892655367235,0.15819209039548024,0.023437377360484356,0.2768361581920904,0.21468926553672316,0.3446327683615819,0.03361258319419324,0.17096020740088538,0.12468260082666863,0.22071630347054072,0.024623666970720152,0.14202287277100573,0.10368794817806558,0.1841365644793433,0.020435016956952733,0.3559322033898305,0.288135593220339,0.4293785310734463,0.036262887583091014,0.2295827524641084,0.17873055616699687,0.2849221635238584,0.027269965257553794,0.16328607431092976,0.12521808592462527,0.20581950235973692,0.020541475591491117,0.3559322033898305,0.288135593220339,0.4293785310734463,0.036262887583091014,0.2295827524641084,0.17873055616699687,0.2849221635238584,0.027269965257553794,0.16297054992273097,0.12498849686780522,0.20554090264928682,0.020535772131872354,0.3559322033898305,0.288135593220339,0.4293785310734463,0.036262887583091014,0.2295827524641084,0.17873055616699687,0.2849221635238584,0.027269965257553794,0.16297054992273097,0.12498849686780522,0.20554090264928682,0.020535772131872354,0.3559322033898305,0.288135593220339,0.4293785310734463,0.036262887583091014,0.2295827524641084,0.17873055616699687,0.2849221635238584,0.027269965257553794,0.16297054992273097,0.12498849686780522,0.20554090264928682,0.020535772131872354,0.18456192269751592,0.13876070531790868,0.23501703883059813,0.024308489115246523,0.18456192269751592,0.13876070531790868,0.23501703883059813,0.024308489115246523
qwen3_embedding,qwen,20,job_to_talent,177,0.31775686648568,0.1016949152542373,0.062146892655367235,0.14689265536723164,0.022801380328290547,0.061581920903954805,0.03201506591337099,0.09623352165725046,0.01639357385458539,0.1016949152542373,0.062146892655367235,0.14689265536723164,0.022801380328290547,0.2994350282485876,0.23163841807909605,0.3672316384180791,0.0343977792166933,0.18098173013427252,0.13502824858757062,0.2326370239929562,0.02506911928622731,0.1432893381610131,0.10678053454426105,0.184277628202467,0.019911887579500406,0.4124293785310734,0.3446327683615819,0.4858757062146893,0.036655900694147356,0.25862315650451245,0.20667628158094262,0.3153760822510822,0.027809278116922822,0.17163375990320232,0.1352479903393433,0.21270836249350736,0.019748496936217094,0.4915254237288136,0.4180790960451977,0.5649717514124294,0.03734793403615691,0.31775686648568,0.2616411389928339,0.3776305885733851,0.02950833104154692,0.1893178772949082,0.1527175279901538,0.23078876957778746,0.01978366420576954,0.4915254237288136,0.4180790960451977,0.5649717514124294,0.03734793403615691,0.31775686648568,0.2616411389928339,0.3776305885733851,0.02950833104154692,0.1893178772949082,0.1527175279901538,0.23078876957778746,0.01978366420576954,0.4915254237288136,0.4180790960451977,0.5649717514124294,0.03734793403615691,0.31775686648568,0.2616411389928339,0.3776305885733851,0.02950833104154692,0.1893178772949082,0.1527175279901538,0.23078876957778746,0.01978366420576954,0.19417711628906992,0.1508459937987146,0.2427023265621615,0.023420960801265232,0.18886871132633845,0.14535910456461304,0.23735870101336207,0.023605010326701127
qwen3_embedding,qwen,50,job_to_talent,177,0.4828142196786265,0.0903954802259887,0.05084745762711865,0.13559322033898305,0.021626468584708188,0.05875706214689266,0.029661016949152543,0.09312617702448212,0.016318864382208906,0.0903954802259887,0.05084745762711865,0.13559322033898305,0.021626468584708188,0.2768361581920904,0.21468926553672316,0.3446327683615819,0.033535206761938906,0.16694059236432118,0.12240348399246709,0.2172316384180791,0.024143681769689243,0.13445544024074021,0.09815626531672542,0.17546896625331646,0.019752668471750154,0.384180790960452,0.3163841807909605,0.4576271186440678,0.036806170664509044,0.24438941472839776,0.19320529752733145,0.30161548903074326,0.02791004989854935,0.1631445796804064,0.1262850924143381,0.2037872623519555,0.019977762545650632,0.5084745762711864,0.4350282485875706,0.5820621468926532,0.03766443359347893,0.3435486829554626,0.28571965111160025,0.4051872538948809,0.03047693862774361,0.1920629880740752,0.15556224403036606,0.23250122411772445,0.019677753955638783,0.6610169491525424,0.5932203389830508,0.7288135593220338,0.035511048718097335,0.4828142196786265,0.42047596118570696,0.5449254347347569,0.03162670954793999,0.2267851111717747,0.19144357915138968,0.26592617278980496,0.019099931928440853,0.6610169491525424,0.5932203389830508,0.7288135593220338,0.035511048718097335,0.4828142196786265,0.42047596118570696,0.5449254347347569,0.03162670954793999,0.2267851111717747,0.19144357915138968,0.26592617278980496,0.019099931928440853,0.18722576415510575,0.1462782553249214,0.2325044678638011,0.02216583801518659,0.17354945744776254,0.13135817415478432,0.2198328064747556,0.022694874823015257
qwen3_embedding,qwen,100,job_to_talent,177,0.6091104752121701,0.0903954802259887,0.05084745762711865,0.13559322033898305,0.021626468584708188,0.05875706214689266,0.029661016949152543,0.09312617702448212,0.016318864382208906,0.0903954802259887,0.05084745762711865,0.13559322033898305,0.021626468584708188,0.2542372881355932,0.192090395480226,0.3220338983050847,0.032729572985481056,0.14810820065057353,0.10572461907207671,0.19601994521486046,0.022979341133646535,0.12565824721746108,0.08985818660500387,0.16612046272846298,0.01951204493118847,0.3672316384180791,0.2994350282485876,0.4406779661016949,0.03636318469446206,0.23600655465062242,0.18512231882994593,0.2919564592657813,0.027717365292705964,0.15693200484723982,0.12012307024121416,0.19786402355742086,0.019962678195750448,0.4915254237288136,0.4180790960451977,0.5649717514124294,0.03750190038063009,0.338369775234182,0.28154913236481033,0.4002612535769314,0.030774183979749632,0.1864220368227394,0.15015521794465897,0.22678037324327105,0.019661693511876476,0.6497175141242938,0.5819209039548022,0.7231638418079096,0.035978814556278806,0.48350025680534153,0.4208067662093085,0.5468468431286228,0.03190924971953715,0.22407824742615015,0.18908081624886236,0.2631931378432316,0.019141753915347712,0.7457627118644068,0.6836158192090396,0.807909604519774,0.03286071099421359,0.6091104752121701,0.5478330214982757,0.6694821092278719,0.031130909790062267,0.24972914803091215,0.2158263777061713,0.28725227637555767,0.018542939473486234,0.1838437788501233,0.14309748783330226,0.22892014053338394,0.022138230091909544,0.16831898484440858,0.12597749080799928,0.214553739574926,0.02273146737518651
qwen3_embedding,qwen4,10,job_to_talent,177,0.2295827524641084,0.11864406779661017,0.07344632768361582,0.1694915254237288,0.02451016317542615,0.08276836158192091,0.04839924670433145,0.12278954802259885,0.019175612975820266,0.11864406779661017,0.07344632768361582,0.1694915254237288,0.02451016317542615,0.2768361581920904,0.21468926553672316,0.3446327683615819,0.033752268557835946,0.17110817619292196,0.12543956514295498,0.2218239599383667,0.0246384525264836,0.1519733921990694,0.11245487698859961,0.19658776583291712,0.02161617041858972,0.3559322033898305,0.288135593220339,0.4293785310734463,0.036262887583091014,0.2295827524641084,0.17873055616699687,0.2849221635238584,0.027269965257553794,0.1725610311605654,0.13251354824422784,0.21698803045161347,0.021734329269471712,0.3559322033898305,0.288135593220339,0.4293785310734463,0.036262887583091014,0.2295827524641084,0.17873055616699687,0.2849221635238584,0.027269965257553794,0.17224550677236664,0.1321845370489433,0.21665554143731136,0.02172855183171951,0.3559322033898305,0.288135593220339,0.4293785310734463,0.036262887583091014,0.2295827524641084,0.17873055616699687,0.2849221635238584,0.027269965257553794,0.17224550677236664,0.1321845370489433,0.21665554143731136,0.02172855183171951,0.3559322033898305,0.288135593220339,0.4293785310734463,0.036262887583091014,0.2295827524641084,0.17873055616699687,0.2849221635238584,0.027269965257553794,0.17224550677236664,0.1321845370489433,0.21665554143731136,0.02172855183171951,0.19682539682539682,0.1498930028696978,0.2477385436283741,0.02527215732563158,0.19682539682539682,0.1498930028696978,0.2477385436283741,0.02527215732563158
qwen3_embedding,qwen4,20,job_to_talent,177,0.31775686648568,0.12429378531073447,0.07909604519774012,0.1751412429378531,0.024957529445804035,0.08724105461393597,0.0513641713747646,0.12900188323917136,0.019842148650797753,0.12429378531073447,0.07909604519774012,0.1751412429378531,0.024957529445804035,0.3502824858757062,0.2824858757062147,0.423728813559322,0.03595645132436494,0.2085711839949128,0.15999571991097417,0.2626630255337882,0.02619928369494766,0.17458673091336027,0.13368117757462197,0.21947593984794933,0.022146789665095683,0.4067796610169492,0.3333333333333333,0.480225988700565,0.03700043601517809,0.25039254530779953,0.19749952613300067,0.30798493408662897,0.027861808777772643,0.18774356116716082,0.14680646692813684,0.2331360767052261,0.022061707959330254,0.4915254237288136,0.4180790960451977,0.5649717514124294,0.03734793403615691,0.31775686648568,0.2616411389928339,0.3776305885733851,0.02950833104154692,0.2092749647257083,0.16846423864053428,0.2536415321231907,0.0218897784248616,0.4915254237288136,0.4180790960451977,0.5649717514124294,0.03734793403615691,0.31775686648568,0.2616411389928339,0.3776305885733851,0.02950833104154692,0.2092749647257083,0.16846423864053428,0.2536415321231907,0.0218897784248616,0.4915254237288136,0.4180790960451977,0.5649717514124294,0.03734793403615691,0.31775686648568,0.2616411389928339,0.3776305885733851,0.02950833104154692,0.2092749647257083,0.16846423864053428,0.2536415321231907,0.0218897784248616,0.22288498191447237,0.17593251869807072,0.27337853656001176,0.025231515936926074,0.2169782979105013,0.16961253475024662,0.2680683346785042,0.025480742680945082
qwen3_embedding,qwen4,50,job_to_talent,177,0.4828142196786265,0.10734463276836158,0.062146892655367235,0.15819209039548024,0.023423552855403488,0.08050847457627118,0.04519774011299435,0.12099811676082861,0.019147002494404947,0.10734463276836158,0.062146892655367235,0.15819209039548024,0.023423552855403488,0.3107344632768362,0.24293785310734464,0.3785310734463277,0.03512248622904757,0.1971775870080955,0.14784210140142343,0.25187733876293195,0.026627813482518137,0.16417923441354157,0.12295845166375101,0.20991249503048862,0.022240795270807138,0.384180790960452,0.3163841807909605,0.4576271186440678,0.03680323386928459,0.2461846063540979,0.1928175978917504,0.30424535916061335,0.02833595127452696,0.1815382640796618,0.14001133254200726,0.22684729323091052,0.02215492771631312,0.536723163841808,0.4632768361581921,0.6101694915254238,0.03758527346937482,0.3567827182233962,0.29828339386602104,0.4184447532222955,0.03049735162186706,0.21560095215400432,0.17498954714307208,0.2599664513137682,0.021735287525675568,0.6610169491525424,0.5932203389830508,0.7288135593220338,0.035511048718097335,0.4828142196786265,0.42047596118570696,0.5449254347347569,0.03162670954793999,0.2463830154634306,0.20680018997441496,0.2895829772835313,0.021118766703761175,0.6610169491525424,0.5932203389830508,0.7288135593220338,0.035511048718097335,0.4828142196786265,0.42047596118570696,0.5449254347347569,0.03162670954793999,0.2463830154634306,0.20680018997441496,0.2895829772835313,0.021118766703761175,0.21365664832230447,0.16922295229852485,0.2618115703410442,0.02384904154036603,0.19926015603981706,0.1533155098197471,0.24856823379069143,0.024459532395278732
qwen3_embedding,qwen4,100,job_to_talent,177,0.6091104752121701,0.11299435028248588,0.06779661016949153,0.1638418079096045,0.023944130337878903,0.08615819209039548,0.05037664783427496,0.12806026365348397,0.019822062212570206,0.11299435028248588,0.06779661016949153,0.1638418079096045,0.023944130337878903,0.3220338983050847,0.2542372881355932,0.3954802259887006,0.035342328514301274,0.20362095531587057,0.15324323745933915,0.2592749529190207,0.026946466994678196,0.16857810964026124,0.12664887198321487,0.21487943533870535,0.02253894813929609,0.4067796610169492,0.3389830508474576,0.480225988700565,0.03707744205199903,0.25734279844449337,0.20348390075084988,0.31572422163523856,0.028569772476684067,0.18798703843272108,0.1463745868792819,0.23408074244059787,0.022366051505911838,0.5141242937853108,0.4406779661016949,0.5875706214689266,0.037667791441091135,0.329103382493213,0.27236296072101157,0.3897587252671998,0.029973090708847603,0.21133686309221966,0.16978464811107913,0.25678468363595636,0.02214140720540121,0.672316384180791,0.6045197740112994,0.7401129943502824,0.03530576579279524,0.4993622667351481,0.43812955523760605,0.5607454539340132,0.03163588060695091,0.25307395853213804,0.21259134530990306,0.2963366108283601,0.021461067581684555,0.7457627118644068,0.6836158192090396,0.807909604519774,0.03286071099421359,0.6091104752121701,0.5478330214982757,0.6694821092278719,0.031130909790062267,0.27670125491255715,0.2373437909717795,0.31892114839654073,0.02092831814369598,0.21998440860098367,0.17467711041177184,0.2692735497023085,0.024084971821886042,0.20579544435476638,0.15950609810779304,0.2561881781902968,0.024706948468271386
qwen3_embedding,qwen8,10,job_to_talent,177,0.2295827524641084,0.14124293785310735,0.0903954802259887,0.1977401129943503,0.026304880737506618,0.09299165994081247,0.056872814097390374,0.13408662900188326,0.019905544356963307,0.14124293785310735,0.0903954802259887,0.1977401129943503,0.026304880737506618,0.2824858757062147,0.21468926553672316,0.3502824858757062,0.033870483644225124,0.17862768117005406,0.13102664049697946,0.22998657886369747,0.025239137770273604,0.1580813094738523,0.11709726054339509,0.20331655098101886,0.022122482999271605,0.3559322033898305,0.288135593220339,0.4293785310734463,0.036262887583091014,0.2295827524641084,0.17873055616699687,0.2849221635238584,0.027269965257553794,0.1764040819375176,0.13565034599148226,0.22156266004557193,0.0221681786258061,0.3559322033898305,0.288135593220339,0.4293785310734463,0.036262887583091014,0.2295827524641084,0.17873055616699687,0.2849221635238584,0.027269965257553794,0.17607914056557622,0.1352806850046945,0.2211600802456386,0.022162988812969377,0.3559322033898305,0.288135593220339,0.4293785310734463,0.036262887583091014,0.2295827524641084,0.17873055616699687,0.2849221635238584,0.027269965257553794,0.17607914056557622,0.1352806850046945,0.2211600802456386,0.022162988812969377,0.3559322033898305,0.288135593220339,0.4293785310734463,0.036262887583091014,0.2295827524641084,0.17873055616699687,0.2849221635238584,0.027269965257553794,0.17607914056557622,0.1352806850046945,0.2211600802456386,0.022162988812969377,0.20704421128149944,0.15700351986368935,0.26050931530804405,0.026556440521639427,0.20704421128149944,0.15700351986368935,0.26050931530804405,0.026556440521639427
qwen3_embedding,qwen8,20,job_to_talent,177,0.31775686648568,0.15254237288135594,0.1016949152542373,0.20903954802259886,0.027118424899067274,0.10052461662631156,0.06308783965563627,0.14289850686037125,0.02058807095137679,0.15254237288135594,0.1016949152542373,0.20903954802259886,0.027118424899067274,0.3333333333333333,0.2655367231638418,0.4067796610169492,0.0351217887182853,0.2142209015090371,0.1644202313693839,0.2699173331376721,0.026926135205447597,0.17842298250301525,0.13644213457526097,0.2247559752126112,0.02250531305360937,0.4067796610169492,0.3333333333333333,0.480225988700565,0.036846122179311054,0.2606922738278671,0.2067428522513268,0.31916960158485586,0.028427998805714776,0.19583536131850982,0.15373298040102176,0.24213204631907695,0.02253562613599632,0.4915254237288136,0.4180790960451977,0.5649717514124294,0.03734793403615691,0.31775686648568,0.2616411389928339,0.3776305885733851,0.02950833104154692,0.21366240614476195,0.17190925847042632,0.2593626993790444,0.022331215443887737,0.4915254237288136,0.4180790960451977,0.5649717514124294,0.03734793403615691,0.31775686648568,0.2616411389928339,0.3776305885733851,0.02950833104154692,0.21366240614476195,0.17190925847042632,0.2593626993790444,0.022331215443887737,0.4915254237288136,0.4180790960451977,0.5649717514124294,0.03734793403615691,0.31775686648568,0.2616411389928339,0.3776305885733851,0.02950833104154692,0.21366240614476195,0.17190925847042632,0.2593626993790444,0.022331215443887737,0.2329161233323746,0.18271694333508892,0.28771568411648174,0.02667398987367361,0.22726437090843868,0.17682438794726932,0.28263591830329116,0.026906794399793467
qwen3_embedding,qwen8,50,job_to_talent,177,0.4828142196786265,0.12429378531073447,0.07909604519774012,0.1751412429378531,0.025017170623550782,0.0884180790960452,0.0524435028248588,0.12937853107344632,0.019842315191678617,0.12429378531073447,0.07909604519774012,0.1751412429378531,0.025017170623550782,0.3389830508474576,0.2711864406779661,0.4124293785310734,0.03569835892538824,0.21695159830753052,0.16642523907354417,0.2725617249981656,0.02717505201403441,0.17298312905427282,0.13134448138295662,0.21864804879630811,0.0223781771380615,0.4463276836158192,0.3728813559322034,0.519774011299435,0.0375062461947719,0.2916177513635141,0.23552843813437033,0.3508414655024824,0.029499667874707917,0.1999144811105018,0.15840770186759615,0.24472525877426918,0.0221823753716362,0.5084745762711864,0.4350282485875706,0.5819209039548022,0.037987864353043986,0.3455236383202485,0.2860656504512437,0.406558410986377,0.030623353381526167,0.21766900048717494,0.17593947522267733,0.2624870337077729,0.02208634207989143,0.6610169491525424,0.5932203389830508,0.7288135593220338,0.035511048718097335,0.4828142196786265,0.42047596118570696,0.5449254347347569,0.03162670954793999,0.25149575677549885,0.21061467265757658,0.29464467122933524,0.021376402151971438,0.6610169491525424,0.5932203389830508,0.7288135593220338,0.035511048718097335,0.4828142196786265,0.42047596118570696,0.5449254347347569,0.03162670954793999,0.25149575677549885,0.21061467265757658,0.29464467122933524,0.021376402151971438,0.2232897461543614,0.17662048731172197,0.27305783153104646,0.024684076451139028,0.21322302932472423,0.16588416958120347,0.26378161151466234,0.025134548730289585
qwen3_embedding,qwen8,100,job_to_talent,177,0.6091104752121701,0.12994350282485875,0.0847457627118644,0.1807909604519774,0.025609392229160043,0.09689265536723163,0.05828625235404896,0.14030131826741996,0.02115638100598122,0.12994350282485875,0.0847457627118644,0.1807909604519774,0.025609392229160043,0.3333333333333333,0.2655367231638418,0.4067796610169492,0.03560300808836903,0.21506835913615574,0.1640222136620442,0.27109808741164665,0.027276944534458603,0.17850990122517443,0.13439856747073947,0.22629736267226017,0.023551388591798783,0.4632768361581921,0.3898305084745763,0.536723163841808,0.03751888445311438,0.30456502066671554,0.2481215300706826,0.366076656394453,0.030117618904294888,0.21045581842363598,0.1669228674661706,0.25829768309886464,0.023272704871826273,0.5649717514124294,0.4915254237288136,0.6384180790960452,0.037448757562942935,0.38300437791963216,0.3247315619879179,0.4446473512363343,0.030938586767793083,0.2350829525565629,0.19197216524303082,0.28171056138455375,0.022818576622922464,0.672316384180791,0.6045197740112994,0.7401129943502824,0.03531568015534316,0.5008554063638809,0.43917006016582294,0.5620272488810624,0.03150350463832672,0.26524406007213297,0.22303733265871586,0.3101745922688607,0.02234542387677219,0.7457627118644068,0.6836158192090396,0.807909604519774,0.03286071099421359,0.6091104752121701,0.5478330214982757,0.6694821092278719,0.031130909790062267,0.2875703881245596,0.24646659622493136,0.33161635579557797,0.021735260934699945,0.2325130937477303,0.1859351237112179,0.2830013676226609,0.02504704460327653,0.22087929333692047,0.17311362209667297,0.2727004304546678,0.02557628491340363
sheared_llama,jina,10,job_to_talent,177,0.14723139384156333,0.06779661016949153,0.03389830508474576,0.10734463276836158,0.019112684857487107,0.04943502824858757,0.022598870056497175,0.08050847457627118,0.014899067637164322,0.06779661016949153,0.03389830508474576,0.10734463276836158,0.019112684857487107,0.1694915254237288,0.11864406779661017,0.22598870056497175,0.02825945262239091,0.10367476214933842,0.06672047350013452,0.14528334189351136,0.02008519212001574,0.0860220824367474,0.05463444170458354,0.1208546176482546,0.017001299131151226,0.22598870056497175,0.1638418079096045,0.288135593220339,0.03126807860477207,0.14723139384156333,0.10425563137427543,0.19421949519407142,0.023286438723102126,0.10187172734241026,0.07009698015880304,0.13714136282263503,0.017356188789149598,0.22598870056497175,0.1638418079096045,0.288135593220339,0.03126807860477207,0.14723139384156333,0.10425563137427543,0.19421949519407142,0.023286438723102126,0.10184075138747967,0.0700956452283017,0.13708657052476522,0.017356426015459576,0.22598870056497175,0.1638418079096045,0.288135593220339,0.03126807860477207,0.14723139384156333,0.10425563137427543,0.19421949519407142,0.023286438723102126,0.10184075138747967,0.0700956452283017,0.13708657052476522,0.017356426015459576,0.22598870056497175,0.1638418079096045,0.288135593220339,0.03126807860477207,0.14723139384156333,0.10425563137427543,0.19421949519407142,0.023286438723102126,0.10184075138747967,0.0700956452283017,0.13708657052476522,0.017356426015459576,0.1093870504887454,0.0719439400053807,0.15013916913281322,0.019986467353350978,0.1093870504887454,0.0719439400053807,0.15013916913281322,0.019986467353350978
sheared_llama,jina,20,job_to_talent,177,0.23894758725267198,0.0847457627118644,0.04519774011299435,0.12994350282485875,0.021231380969504995,0.05790960451977401,0.029661016949152543,0.09180790960451977,0.016034652070766823,0.0847457627118644,0.04519774011299435,0.12994350282485875,0.021231380969504995,0.1977401129943503,0.14124293785310735,0.2598870056497175,0.030053484784899293,0.12829138846087998,0.08642997774353708,0.17396100838897446,0.02237482744845618,0.10500513242322443,0.07071810714275699,0.14332539748290152,0.01859713053413895,0.2711864406779661,0.20903954802259886,0.3389830508474576,0.03338857148199399,0.17641059505466286,0.12927366889231298,0.22831651869787464,0.025191598312427094,0.12373019853798907,0.0886494409186553,0.16268188982895135,0.01889951875170811,0.3446327683615819,0.2768361581920904,0.4124293785310734,0.03548971044828918,0.23894758725267198,0.18522981020862375,0.29560330912025823,0.028280242205156982,0.14233701365212836,0.10703660645264362,0.18164430391979233,0.019002549931188665,0.3446327683615819,0.2768361581920904,0.4124293785310734,0.03548971044828918,0.23894758725267198,0.18522981020862375,0.29560330912025823,0.028280242205156982,0.14233701365212836,0.10703660645264362,0.18164430391979233,0.019002549931188665,0.3446327683615819,0.2768361581920904,0.4124293785310734,0.03548971044828918,0.23894758725267198,0.18522981020862375,0.29560330912025823,0.028280242205156982,0.14233701365212836,0.10703660645264362,0.18164430391979233,0.019002549931188665,0.13997236688242617,0.09929719815618045,0.18514029114602396,0.02185712021974156,0.13490942516366244,0.09402486324096496,0.18071249215317012,0.021992337209523965
sheared_llama,jina,50,job_to_talent,177,0.37921344192530637,0.07344632768361582,0.03954802259887006,0.11299435028248588,0.01973661545438593,0.05555555555555556,0.026365348399246705,0.09040725047080962,0.016338214446093104,0.07344632768361582,0.03954802259887006,0.11299435028248588,0.01973661545438593,0.20903954802259886,0.15254237288135594,0.2711864406779661,0.030894891181662245,0.13945386064030132,0.09585687382297553,0.18823210922787187,0.02348960294085815,0.1062216702618533,0.07205350059311964,0.145649804894313,0.018600782947397903,0.2711864406779661,0.20903954802259886,0.3389830508474576,0.03372839579466647,0.16981681218969355,0.12419962335216574,0.22151301147063854,0.02474242195928315,0.11767440113224899,0.08389402421343028,0.1573294050164849,0.01863582948979148,0.3785310734463277,0.3107344632768362,0.4519774011299435,0.03651901960802022,0.2463686501822095,0.19360322351847772,0.30263723799740744,0.027822847400242375,0.1412895792689073,0.10722196071731353,0.18075198655748467,0.01865335093715325,0.5310734463276836,0.4576271186440678,0.6045197740112994,0.03744600475415584,0.37921344192530637,0.3192624183725879,0.4412803886320835,0.031400422576835105,0.17379394917634766,0.1401374353796994,0.21216292173878376,0.018375713009430996,0.5310734463276836,0.4576271186440678,0.6045197740112994,0.03744600475415584,0.37921344192530637,0.3192624183725879,0.4412803886320835,0.031400422576835105,0.17379394917634766,0.1401374353796994,0.21216292173878376,0.018375713009430996,0.14000050676085646,0.1019611390573008,0.18344820830595124,0.020565900768825487,0.1274437270199982,0.08867579140884226,0.1717181194511703,0.020945190882420837
sheared_llama,jina,100,job_to_talent,177,0.5433401814757747,0.07344632768361582,0.03954802259887006,0.11299435028248588,0.01963556049730393,0.05979284369114878,0.029661016949152543,0.096045197740113,0.017007595478648746,0.07344632768361582,0.03954802259887006,0.11299435028248588,0.01963556049730393,0.22598870056497175,0.1638418079096045,0.2937853107344633,0.03175016298786224,0.1501479687920366,0.10508373688458435,0.20134584342211456,0.024437234381656552,0.11480713391108922,0.07896197200317183,0.1552646702572502,0.019463587211453453,0.3107344632768362,0.24293785310734464,0.384180790960452,0.035009294666950096,0.20668794482353806,0.15648766722919266,0.2635197617824736,0.02708389253039206,0.13526081573845025,0.09924063642846728,0.1763929835928469,0.019547170863280325,0.4350282485875706,0.3615819209039548,0.5084745762711864,0.037574377073241634,0.2799887494802749,0.22437938709125152,0.33935135250813214,0.029165715428111565,0.15703598264910734,0.12147683259359654,0.19746528498929936,0.0192765737929807,0.5988700564971752,0.5254237288135594,0.672316384180791,0.036855798613981396,0.41803079218333455,0.3570580655220486,0.4799963924963925,0.031153333533439666,0.19052538573587316,0.1552458562287217,0.22930749967196604,0.01865100812895431,0.7231638418079096,0.655367231638418,0.7909604519774012,0.033926852268686976,0.5433401814757747,0.4826732671753859,0.6052134694401643,0.03137651442977568,0.21552485876544755,0.18223501056638933,0.25243755204289725,0.018038850935999485,0.15193531404735147,0.11396844534339985,0.1946380655765239,0.020377986210022212,0.13678818043224822,0.09806463545870325,0.18046245852389922,0.020894942024605602
sheared_llama,qwen,10,job_to_talent,177,0.14723139384156333,0.06779661016949153,0.03389830508474576,0.10734463276836158,0.01874265690634511,0.04519774011299435,0.02024482109227872,0.07580037664783427,0.01423233741288874,0.06779661016949153,0.03389830508474576,0.10734463276836158,0.01874265690634511,0.192090395480226,0.13559322033898305,0.2542372881355932,0.029553153868441363,0.11892899943747401,0.0802680558612762,0.16205624648421257,0.0211316209686429,0.09794903736986782,0.06620411511429154,0.13396905555977506,0.017367328677581246,0.22598870056497175,0.1638418079096045,0.288135593220339,0.03126807860477207,0.14723139384156333,0.10425563137427543,0.19421949519407142,0.023286438723102126,0.1082356932488688,0.07573141950444283,0.14447706428430665,0.017677992925192936,0.22598870056497175,0.1638418079096045,0.288135593220339,0.03126807860477207,0.14723139384156333,0.10425563137427543,0.19421949519407142,0.023286438723102126,0.10819031429511654,0.07566823080459148,0.14446153542656293,0.01767783008702751,0.22598870056497175,0.1638418079096045,0.288135593220339,0.03126807860477207,0.14723139384156333,0.10425563137427543,0.19421949519407142,0.023286438723102126,0.10819031429511654,0.07566823080459148,0.14446153542656293,0.01767783008702751,0.22598870056497175,0.1638418079096045,0.288135593220339,0.03126807860477207,0.14723139384156333,0.10425563137427543,0.19421949519407142,0.023286438723102126,0.10819031429511654,0.07566823080459148,0.14446153542656293,0.01767783008702751,0.12337234328759752,0.08457021791767554,0.1655030938929244,0.02054208128770068,0.12337234328759752,0.08457021791767554,0.1655030938929244,0.02054208128770068
sheared_llama,qwen,20,job_to_talent,177,0.23894758725267198,0.096045197740113,0.05649717514124294,0.14124293785310735,0.022082568519618206,0.06685499058380415,0.036252354048964215,0.10357815442561205,0.01728343758089144,0.096045197740113,0.05649717514124294,0.14124293785310735,0.022082568519618206,0.22598870056497175,0.1638418079096045,0.288135593220339,0.03137262590179054,0.14388191845818965,0.10098918971800326,0.1912977535647027,0.022991469342893395,0.12230240507011886,0.08489628254675244,0.16462261677989498,0.020021499129058568,0.2994350282485876,0.23163841807909605,0.3672316384180791,0.034144224354237855,0.20184532981143152,0.15142554479418885,0.25510370044268343,0.026558866424665394,0.14292731880727413,0.10537853606452628,0.18514996355911295,0.020258967272505063,0.3446327683615819,0.2768361581920904,0.4124293785310734,0.03548971044828918,0.23894758725267198,0.18522981020862375,0.29560330912025823,0.028280242205156982,0.15365291750334215,0.11611088378726919,0.19586935200069472,0.020299876815382197,0.3446327683615819,0.2768361581920904,0.4124293785310734,0.03548971044828918,0.23894758725267198,0.18522981020862375,0.29560330912025823,0.028280242205156982,0.15365291750334215,0.11611088378726919,0.19586935200069472,0.020299876815382197,0.3446327683615819,0.2768361581920904,0.4124293785310734,0.03548971044828918,0.23894758725267198,0.18522981020862375,0.29560330912025823,0.028280242205156982,0.15365291750334215,0.11611088378726919,0.19586935200069472,0.020299876815382197,0.15739546309087685,0.1147327495719819,0.2049029064087015,0.022848363782338434,0.1543538696081069,0.11132168639583895,0.20229301183750334,0.022938677395365065
sheared_llama,qwen,50,job_to_talent,177,0.37921344192530637,0.0847457627118644,0.04519774011299435,0.12994350282485875,0.021047776401378684,0.05734463276836158,0.028154425612052725,0.09227871939736346,0.016343566592636995,0.0847457627118644,0.04519774011299435,0.12994350282485875,0.021047776401378684,0.23163841807909605,0.1694915254237288,0.2937853107344633,0.03153817836774435,0.14396507447354903,0.10150637733264851,0.1916884951206985,0.02285675290115431,0.12019861282911037,0.08469692312970867,0.16035454029976984,0.01927552972265846,0.3220338983050847,0.2542372881355932,0.3954802259887006,0.03513600891135802,0.21021473818083988,0.1606307322620882,0.26506368161029176,0.026637296011740853,0.14323489724812183,0.10739246761268885,0.1839485151221606,0.019481780689758563,0.4124293785310734,0.3389830508474576,0.4858757062146893,0.03696394534475753,0.27086421111844844,0.21586511299435027,0.3286656211020618,0.028606952339608797,0.16231393258415078,0.12573532434159074,0.2028974535099068,0.019445374670380162,0.5310734463276836,0.4576271186440678,0.6045197740112994,0.03744600475415584,0.37921344192530637,0.3192624183725879,0.4412803886320835,0.031400422576835105,0.18878360715002274,0.15287316811718896,0.22863883379208033,0.019149720870613587,0.5310734463276836,0.4576271186440678,0.6045197740112994,0.03744600475415584,0.37921344192530637,0.3192624183725879,0.4412803886320835,0.031400422576835105,0.18878360715002274,0.15287316811718896,0.22863883379208033,0.019149720870613587,0.16471956947447855,0.12403109897093248,0.21032062944437163,0.02186996147061546,0.15461169401847366,0.11335962021343376,0.20106750515648822,0.02222909893324247
sheared_llama,qwen,100,job_to_talent,177,0.5433401814757747,0.0903954802259887,0.05084745762711865,0.13559322033898305,0.021588892527656837,0.06299435028248587,0.03248587570621469,0.09952919020715631,0.01712957405594664,0.0903954802259887,0.05084745762711865,0.13559322033898305,0.021588892527656837,0.2542372881355932,0.192090395480226,0.3220338983050847,0.03246997596658064,0.1608200650573532,0.11685477657935284,0.21059857045026534,0.024078830617016548,0.1322132525948992,0.09564767766434382,0.17411392035408801,0.02011224656271068,0.3446327683615819,0.2768361581920904,0.4180790960451977,0.03572589586674493,0.22758333944774622,0.17639212952772274,0.28475527062391465,0.027574218045856552,0.154929269374255,0.11842563326018174,0.19682847363600522,0.020186911388396112,0.5084745762711864,0.4350282485875706,0.5819209039548022,0.03768444027507636,0.3435639689876978,0.2851863367329469,0.40425159586176534,0.03049828975568711,0.18949751375979737,0.1533939265973645,0.23067043880976076,0.019789593349026267,0.6610169491525424,0.5932203389830508,0.7344632768361582,0.035788527909523395,0.47939075989923446,0.4178900078264485,0.5413358769290972,0.03156352575185203,0.22173179781567467,0.18694946406188118,0.2609717570146702,0.019054991625263164,0.7231638418079096,0.655367231638418,0.7909604519774012,0.033926852268686976,0.5433401814757747,0.4826732671753859,0.6052134694401643,0.03137651442977568,0.23508689354588252,0.200753968287936,0.2735718632647937,0.0187311656680568,0.18414217938248204,0.14359460762253193,0.23015212638206722,0.022163398718674,0.1668280871670702,0.12526230831315577,0.21390256479239525,0.022809223422136947
sheared_llama,qwen4,10,job_to_talent,177,0.14723139384156333,0.10734463276836158,0.062146892655367235,0.15254237288135594,0.023116633028823514,0.07062146892655367,0.04001883239171375,0.1059322033898305,0.016971592424501986,0.10734463276836158,0.062146892655367235,0.15254237288135594,0.023116633028823514,0.2033898305084746,0.14689265536723164,0.2655367231638418,0.030150571078916884,0.13380658889133465,0.09143263751314601,0.1798409946926896,0.022709326339648526,0.11603364713511564,0.0793434895941625,0.15576080582279928,0.019616076564699925,0.22598870056497175,0.1638418079096045,0.288135593220339,0.03126807860477207,0.14723139384156333,0.10425563137427543,0.19421949519407142,0.023286438723102126,0.12182441853445748,0.08485952722576957,0.16171907309232514,0.019753821970840427,0.22598870056497175,0.1638418079096045,0.288135593220339,0.03126807860477207,0.14723139384156333,0.10425563137427543,0.19421949519407142,0.023286438723102126,0.12179344257952689,0.08485952722576957,0.1617182986934519,0.019754193253849504,0.22598870056497175,0.1638418079096045,0.288135593220339,0.03126807860477207,0.14723139384156333,0.10425563137427543,0.19421949519407142,0.023286438723102126,0.12179344257952689,0.08485952722576957,0.1617182986934519,0.019754193253849504,0.22598870056497175,0.1638418079096045,0.288135593220339,0.03126807860477207,0.14723139384156333,0.10425563137427543,0.19421949519407142,0.023286438723102126,0.12179344257952689,0.08485952722576957,0.1617182986934519,0.019754193253849504,0.1451103040086091,0.10005363868711326,0.1931811608824321,0.023785296490630152,0.1451103040086091,0.10005363868711326,0.1931811608824321,0.023785296490630152
sheared_llama,qwen4,20,job_to_talent,177,0.23894758725267198,0.12429378531073447,0.07909604519774012,0.1751412429378531,0.0246811760331925,0.08145009416195857,0.0480225988700565,0.12005649717514125,0.018333725414252634,0.12429378531073447,0.07909604519774012,0.1751412429378531,0.0246811760331925,0.23728813559322035,0.1751412429378531,0.2994350282485876,0.032023539806318016,0.1535806001907697,0.10870496734903516,0.2029728275490987,0.0241761703286518,0.1344283025242864,0.09569207743532585,0.1771464856873575,0.020910603904187773,0.3050847457627119,0.23728813559322035,0.3728813559322034,0.03428662328530199,0.21083351676572015,0.15952857876586687,0.2656645755374568,0.027139391960193295,0.15511611214694648,0.1158950077632263,0.19817691490092423,0.02108845849297395,0.3446327683615819,0.2768361581920904,0.4124293785310734,0.03548971044828918,0.23894758725267198,0.18522981020862375,0.29560330912025823,0.028280242205156982,0.16334571720013716,0.1241413413910282,0.2063863866630402,0.021089515673177663,0.3446327683615819,0.2768361581920904,0.4124293785310734,0.03548971044828918,0.23894758725267198,0.18522981020862375,0.29560330912025823,0.028280242205156982,0.16334571720013716,0.1241413413910282,0.2063863866630402,0.021089515673177663,0.3446327683615819,0.2768361581920904,0.4124293785310734,0.03548971044828918,0.23894758725267198,0.18522981020862375,0.29560330912025823,0.028280242205156982,0.16334571720013716,0.1241413413910282,0.2063863866630402,0.021089515673177663,0.1765025563196839,0.12991300795381974,0.22752198127309634,0.02501299688098227,0.17386557259438615,0.12723275939377635,0.22490051340686928,0.025086561490304225
sheared_llama,qwen4,50,job_to_talent,177,0.37921344192530637,0.12429378531073447,0.07909604519774012,0.1751412429378531,0.02482945596581537,0.09086629001883238,0.05508474576271186,0.1332391713747646,0.019932962049019776,0.12429378531073447,0.07909604519774012,0.1751412429378531,0.02482945596581537,0.23163841807909605,0.1694915254237288,0.2937853107344633,0.03160983575756735,0.15173771614449583,0.1071563088512241,0.20117402841979112,0.024105347231243815,0.13599496544390316,0.09585816530738342,0.18140286766468153,0.02160647867017545,0.327683615819209,0.2598870056497175,0.4011299435028249,0.03542707927099464,0.20950852349157434,0.15937481656761318,0.26411573360725904,0.026647568340828834,0.1573101447444645,0.1168514632934581,0.2022337194162015,0.021705814940263593,0.4293785310734463,0.3559322033898305,0.5028248587570622,0.037133978739570396,0.2944878567759924,0.23684320505295078,0.354531574828185,0.029801468478025523,0.18370130403552204,0.1432966212421686,0.22858276978347614,0.02164003637720927,0.5310734463276836,0.4576271186440678,0.6045197740112994,0.03744600475415584,0.37921344192530637,0.3192624183725879,0.4412803886320835,0.031400422576835105,0.20470277875045478,0.1643920324522665,0.24847324597023546,0.021287514089146347,0.5310734463276836,0.4576271186440678,0.6045197740112994,0.03744600475415584,0.37921344192530637,0.3192624183725879,0.4412803886320835,0.031400422576835105,0.20470277875045478,0.1643920324522665,0.24847324597023546,0.021287514089146347,0.1867065603814996,0.1399732006539182,0.23804062036073192,0.02472964910358064,0.17606268496099003,0.128817987176038,0.2280027576002152,0.025115183892391837
sheared_llama,qwen4,100,job_to_talent,177,0.5433401814757747,0.13559322033898305,0.0847457627118644,0.1864406779661017,0.02575863848633191,0.10216572504708098,0.064018361581921,0.14642184557438795,0.021152775663830857,0.13559322033898305,0.0847457627118644,0.1864406779661017,0.02575863848633191,0.2937853107344633,0.23163841807909605,0.3615819209039548,0.0343983963514336,0.2003723677452491,0.1490111924328026,0.25635935627461043,0.027153848352372535,0.1690705844418274,0.12585028808102902,0.2162378358769741,0.02305734021287183,0.3559322033898305,0.288135593220339,0.4293785310734463,0.03631653113203686,0.24561290874850197,0.19018907293271703,0.30502097243622667,0.02911659970028386,0.184183921440294,0.14126814851296007,0.23103212757322444,0.023057388130495363,0.4858757062146893,0.4124293785310734,0.559322033898305,0.03796743177653994,0.3342284833810258,0.2740232531122362,0.3962486854012278,0.031214041674579477,0.2105187382229145,0.16820192086668004,0.25707040411574567,0.022771205367930834,0.6497175141242938,0.576271186440678,0.7175141242937854,0.03593562481934099,0.4674389170151882,0.40552504463521416,0.5300113422359184,0.031670206553066065,0.24391446682432424,0.20302511230769565,0.28854690086435414,0.02179447976778563,0.7231638418079096,0.655367231638418,0.7909604519774012,0.033926852268686976,0.5433401814757747,0.4826732671753859,0.6052134694401643,0.03137651442977568,0.25965791669141775,0.21973796649930252,0.3035976605072572,0.02136647573829872,0.22008913845968264,0.17298306875169525,0.27201459125493394,0.025509886534016906,0.20425970764953816,0.155938929244014,0.2575333490269931,0.026139867126264156
sheared_llama,qwen8,10,job_to_talent,177,0.14723139384156333,0.11299435028248588,0.06779661016949153,0.1638418079096045,0.023890911058482376,0.07768361581920905,0.04471516007532966,0.11440677966101695,0.018042063938870565,0.11299435028248588,0.06779661016949153,0.1638418079096045,0.023890911058482376,0.1977401129943503,0.14124293785310735,0.2598870056497175,0.029846930593545398,0.12787438550150415,0.08630594687798078,0.1731282253528016,0.022237503736276174,0.11788423559873437,0.07948971435773172,0.15946502057364334,0.02034412243807527,0.22598870056497175,0.1638418079096045,0.288135593220339,0.03126807860477207,0.14723139384156333,0.10425563137427543,0.19421949519407142,0.023286438723102126,0.12600102293094237,0.08725959528590162,0.1676841085992738,0.020511065748483683,0.22598870056497175,0.1638418079096045,0.288135593220339,0.03126807860477207,0.14723139384156333,0.10425563137427543,0.19421949519407142,0.023286438723102126,0.1259650609609327,0.08723289513112979,0.16764904567851438,0.02051140066678325,0.22598870056497175,0.1638418079096045,0.288135593220339,0.03126807860477207,0.14723139384156333,0.10425563137427543,0.19421949519407142,0.023286438723102126,0.1259650609609327,0.08723289513112979,0.16764904567851438,0.02051140066678325,0.22598870056497175,0.1638418079096045,0.288135593220339,0.03126807860477207,0.14723139384156333,0.10425563137427543,0.19421949519407142,0.023286438723102126,0.1259650609609327,0.08723289513112979,0.16764904567851438,0.02051140066678325,0.14991256389561475,0.10352905569007267,0.19948984396018293,0.02442559981637704,0.14991256389561475,0.10352905569007267,0.19948984396018293,0.02442559981637704
sheared_llama,qwen8,20,job_to_talent,177,0.23894758725267198,0.13559322033898305,0.0847457627118644,0.1864406779661017,0.02602269101205135,0.09745762711864407,0.05979284369114877,0.13983050847457626,0.020726638453187132,0.13559322033898305,0.0847457627118644,0.1864406779661017,0.02602269101205135,0.24293785310734464,0.1807909604519774,0.3050847457627119,0.03210660487709681,0.17113507960965588,0.12292415682246191,0.2244831792501284,0.025759592044209096,0.14908808909038188,0.10689286968006334,0.19532542676808423,0.02256962353633356,0.2994350282485876,0.23163841807909605,0.3672316384180791,0.034190056992161655,0.20942108738718906,0.15790581358377967,0.2649633135226355,0.02730638304268003,0.16491637313577986,0.12185047459426251,0.2118127879654767,0.02286532560344248,0.3446327683615819,0.2768361581920904,0.4124293785310734,0.03548971044828918,0.23894758725267198,0.18522981020862375,0.29560330912025823,0.028280242205156982,0.17326874019303878,0.13073978954635584,0.21995414209842168,0.02272240934549009,0.3446327683615819,0.2768361581920904,0.4124293785310734,0.03548971044828918,0.23894758725267198,0.18522981020862375,0.29560330912025823,0.028280242205156982,0.17326874019303878,0.13073978954635584,0.21995414209842168,0.02272240934549009,0.3446327683615819,0.2768361581920904,0.4124293785310734,0.03548971044828918,0.23894758725267198,0.18522981020862375,0.29560330912025823,0.028280242205156982,0.17326874019303878,0.13073978954635584,0.21995414209842168,0.02272240934549009,0.18908768800344075,0.13993302273960298,0.24215347680826246,0.02612581152498483,0.1860147072011479,0.13657889426957226,0.23899695094610346,0.02622355215451656
sheared_llama,qwen8,50,job_to_talent,177,0.37921344192530637,0.11864406779661017,0.07344632768361582,0.1694915254237288,0.02460786008058926,0.08276836158192091,0.04792843691148775,0.12335216572504708,0.019296096333655026,0.11864406779661017,0.07344632768361582,0.1694915254237288,0.02460786008058926,0.288135593220339,0.22033898305084745,0.3559322033898305,0.03401309761186795,0.18963790446841292,0.14057406694059238,0.24349972179421328,0.026197121391534885,0.15211109153095448,0.11212552349447824,0.19670712037886676,0.021514629944501415,0.3615819209039548,0.2937853107344633,0.4350282485875706,0.03583919237523141,0.23742081835302176,0.18525413028590995,0.29453978342749526,0.027702281989560994,0.17031293901637154,0.13016136618745397,0.2145500972593076,0.02149464471764988,0.4463276836158192,0.3728813559322034,0.519774011299435,0.037429579835297065,0.299435639689877,0.24262774537138948,0.3580201225328344,0.029493342236388505,0.18972741965284673,0.14904530684144257,0.23364204524880752,0.021502646279547188,0.5310734463276836,0.4576271186440678,0.6045197740112994,0.03744600475415584,0.37921344192530637,0.3192624183725879,0.4412803886320835,0.031400422576835105,0.20951515893663486,0.16970984769151465,0.2522794617560374,0.02118981774871008,0.5310734463276836,0.4576271186440678,0.6045197740112994,0.03744600475415584,0.37921344192530637,0.3192624183725879,0.4412803886320835,0.031400422576835105,0.20951515893663486,0.16970984769151465,0.2522794617560374,0.02118981774871008,0.19497457240145596,0.14880662516948162,0.24522563184395552,0.024533436719196874,0.1863666935700834,0.13924715272172897,0.2371167384091112,0.024854673663826068
sheared_llama,qwen8,100,job_to_talent,177,0.5433401814757747,0.12429378531073447,0.07909604519774012,0.1751412429378531,0.025038959078513084,0.09124293785310733,0.054048964218455745,0.1327683615819209,0.02043919858554793,0.12429378531073447,0.07909604519774012,0.1751412429378531,0.025038959078513084,0.3050847457627119,0.23728813559322035,0.3785310734463277,0.035025515311621735,0.21143639787707583,0.1591337099811676,0.26855097586029786,0.02785731984170418,0.16883802414677873,0.1264319309770651,0.21538327442354666,0.022799990955667662,0.423728813559322,0.3502824858757062,0.4971751412429379,0.03725544494066212,0.28812703304228726,0.23248587570621468,0.3482023626091422,0.029605648523768083,0.198934853777832,0.15690966003521858,0.24485900390710508,0.022511363103234715,0.519774011299435,0.4463276836158192,0.5932203389830508,0.03777458417188389,0.35602697678968864,0.29708875987477684,0.4172122404431726,0.030864839345577662,0.219222155642767,0.17763500666288973,0.2648089569077122,0.022193882531143464,0.655367231638418,0.5875706214689266,0.7231638418079096,0.03593109474891358,0.47176792134419254,0.4115457694377186,0.533652505686404,0.03167494238743107,0.24776210375254532,0.20776892725896814,0.29111682097639335,0.02150208430288083,0.7231638418079096,0.655367231638418,0.7909604519774012,0.033926852268686976,0.5433401814757747,0.4826732671753859,0.6052134694401643,0.03137651442977568,0.2622300682956404,0.22289153693481725,0.3050372139330493,0.021018175352333024,0.21868805646267717,0.17321883330206292,0.2691566467791636,0.024669584496905227,0.2065868531970227,0.15974509012644608,0.2580492220428661,0.02518823573451533
snowflake,jina,10,job_to_talent,177,0.1877571110621958,0.1016949152542373,0.062146892655367235,0.14689265536723164,0.022924158306422106,0.07288135593220339,0.04030131826741996,0.11195856873822975,0.01828308715892327,0.1016949152542373,0.062146892655367235,0.14689265536723164,0.022924158306422106,0.2711864406779661,0.20903954802259886,0.3389830508474576,0.03353411975747934,0.16430833761342237,0.11887519260400616,0.21426649974319462,0.024318869400092643,0.13102636856314284,0.09356787660528397,0.1731902352962279,0.02028780617692866,0.3220338983050847,0.2542372881355932,0.3898305084745763,0.03506955100518569,0.1877571110621958,0.1417105681512461,0.23939855577567443,0.024813747150113478,0.13993535396774923,0.10264582192904095,0.18188804708931341,0.020162732840890204,0.3220338983050847,0.2542372881355932,0.3898305084745763,0.03506955100518569,0.1877571110621958,0.1417105681512461,0.23939855577567443,0.024813747150113478,0.13940840852383193,0.10213461639036833,0.18138384913097397,0.02013649653866753,0.3220338983050847,0.2542372881355932,0.3898305084745763,0.03506955100518569,0.1877571110621958,0.1417105681512461,0.23939855577567443,0.024813747150113478,0.13940840852383193,0.10213461639036833,0.18138384913097397,0.02013649653866753,0.3220338983050847,0.2542372881355932,0.3898305084745763,0.03506955100518569,0.1877571110621958,0.1417105681512461,0.23939855577567443,0.024813747150113478,0.13940840852383193,0.10213461639036833,0.18138384913097397,0.02013649653866753,0.15877051385525962,0.11558918482647297,0.20692124024751143,0.023341645437519782,0.15877051385525962,0.11558918482647297,0.20692124024751143,0.023341645437519782
snowflake,jina,20,job_to_talent,177,0.26068371364981535,0.1016949152542373,0.062146892655367235,0.14689265536723164,0.022698987017455825,0.07627118644067797,0.0428436911487759,0.11676082862523539,0.018808438077846566,0.1016949152542373,0.062146892655367235,0.14689265536723164,0.022698987017455825,0.23728813559322035,0.18064971751412554,0.3050847457627119,0.03214935833483909,0.14952491011813046,0.10616750128402669,0.19998737373737374,0.024006181009128047,0.12407470085561817,0.08636298140182502,0.16655950815753542,0.020424891309888518,0.3333333333333333,0.2655367231638418,0.4067796610169492,0.03551456107915492,0.20141059505466283,0.15310534216254554,0.2553206703842297,0.025962321206434016,0.14270096520412853,0.1055922107888482,0.18519935522793093,0.020351618613690878,0.423728813559322,0.3502824858757062,0.4971751412429379,0.03728861454922666,0.26068371364981535,0.208906574828185,0.3165090523882897,0.027560496016486958,0.16264649672310186,0.12541314530047704,0.204834319059157,0.020289622487036443,0.423728813559322,0.3502824858757062,0.4971751412429379,0.03728861454922666,0.26068371364981535,0.208906574828185,0.3165090523882897,0.027560496016486958,0.16264649672310186,0.12541314530047704,0.204834319059157,0.020289622487036443,0.423728813559322,0.3502824858757062,0.4971751412429379,0.03728861454922666,0.26068371364981535,0.208906574828185,0.3165090523882897,0.027560496016486958,0.16264649672310186,0.12541314530047704,0.204834319059157,0.020289622487036443,0.1634519928762202,0.12074241927619296,0.2114494668351847,0.022972197657205744,0.15678414491973813,0.11405025334050758,0.2050151331719128,0.02315989232915865
snowflake,jina,50,job_to_talent,177,0.4106996111233399,0.1016949152542373,0.062146892655367235,0.14689265536723164,0.022733127122903898,0.07909604519774012,0.044256120527306965,0.12005649717514125,0.019415460901970306,0.1016949152542373,0.062146892655367235,0.14689265536723164,0.022733127122903898,0.24858757062146894,0.1864406779661017,0.3163841807909605,0.03263902501956381,0.1693998092303177,0.12122560349255265,0.22284100080710245,0.025941565394500658,0.1365420050845325,0.09693003091133759,0.18134886083031287,0.021321414513666245,0.3389830508474576,0.2711864406779661,0.4124293785310734,0.03563351183765984,0.224154988138039,0.17283453481546704,0.2819445055885733,0.027904068297020974,0.15640912166869173,0.11723398840759694,0.20096294806336534,0.021258903097362735,0.4293785310734463,0.3559322033898305,0.5028248587570622,0.03731465434346222,0.27941949763983664,0.22436507936507938,0.33875522782302436,0.028952474814211118,0.17304672244848202,0.13401685573569874,0.21708739344427977,0.02101669658853723,0.5932203389830508,0.519774011299435,0.6666666666666666,0.037083215345396194,0.4106996111233399,0.35233969537994964,0.4723525050749626,0.03059218634203469,0.20548684522155058,0.16806560089698885,0.24827291072783075,0.020334908642281158,0.5932203389830508,0.519774011299435,0.6666666666666666,0.037083215345396194,0.4106996111233399,0.35233969537994964,0.4723525050749626,0.03059218634203469,0.20548684522155058,0.16806560089698885,0.24827291072783075,0.020334908642281158,0.17801045858355796,0.13521467938087844,0.22531328654986194,0.023125787700009774,0.1666554569096942,0.12260766971572057,0.21473432875975249,0.023536265610739997
snowflake,jina,100,job_to_talent,177,0.585758309487123,0.096045197740113,0.05649717514124294,0.14124293785310735,0.022002181170330246,0.07815442561205273,0.043785310734463276,0.11770244821092278,0.019182252481363522,0.096045197740113,0.05649717514124294,0.14124293785310735,0.022002181170330246,0.2542372881355932,0.192090395480226,0.3220338983050847,0.032847813161898255,0.1666691124318243,0.11967021914055813,0.21977535647027172,0.02550091504498121,0.13443372461193767,0.09513865037914095,0.17787142007898543,0.0210718607485664,0.3333333333333333,0.2655367231638418,0.4067796610169492,0.03536765227814331,0.2300401105485851,0.17857084770220366,0.28936241959547043,0.028465555235960064,0.15646125557573262,0.11749284891905112,0.20032096599390004,0.02119825792562677,0.4067796610169492,0.3333333333333333,0.480225988700565,0.03693527540507772,0.2769284858267909,0.22166380817863868,0.3378514870252158,0.029548655320906718,0.17097207575140005,0.1325534450447519,0.21409605318559813,0.021028395612880706,0.5875706214689266,0.5141242937853108,0.6610169491525424,0.03711389232112216,0.41747499205126326,0.35786891310196395,0.4811689840291535,0.03124415350595485,0.20630839404372509,0.16817279896242943,0.24795214174472893,0.020429139505183016,0.7457627118644068,0.6836158192090396,0.807909604519774,0.032599020449280515,0.585758309487123,0.527393991366449,0.6462956593782865,0.030559739438118454,0.23998004441969792,0.20348119004857573,0.28024618599623174,0.01956952171091834,0.17513980790307446,0.1327425265596615,0.22135250203922324,0.0225074573801183,0.16149000089678056,0.11828513137835171,0.20848550578423455,0.022976137074463318
snowflake,qwen,10,job_to_talent,177,0.1877571110621958,0.11864406779661017,0.07344632768361582,0.1694915254237288,0.024555905478225257,0.07198253723677452,0.04024738914569425,0.10941726587913028,0.017678293492798102,0.11864406779661017,0.07344632768361582,0.1694915254237288,0.024555905478225257,0.2655367231638418,0.2033898305084746,0.3333333333333333,0.03325144905580841,0.16073262895296794,0.11671353364149974,0.21041935700834005,0.02393807642050093,0.13828493406075373,0.10029630839103616,0.18094593157767763,0.02041380542942789,0.3220338983050847,0.2542372881355932,0.3898305084745763,0.03506955100518569,0.1877571110621958,0.1417105681512461,0.23939855577567443,0.024813747150113478,0.14690525049779632,0.10935551247370495,0.18933885260384326,0.02024339868451587,0.3220338983050847,0.2542372881355932,0.3898305084745763,0.03506955100518569,0.1877571110621958,0.1417105681512461,0.23939855577567443,0.024813747150113478,0.14638300697556275,0.10887903793088534,0.1885541378322112,0.020219843627397194,0.3220338983050847,0.2542372881355932,0.3898305084745763,0.03506955100518569,0.1877571110621958,0.1417105681512461,0.23939855577567443,0.024813747150113478,0.14638300697556275,0.10887903793088534,0.1885541378322112,0.020219843627397194,0.3220338983050847,0.2542372881355932,0.3898305084745763,0.03506955100518569,0.1877571110621958,0.1417105681512461,0.23939855577567443,0.024813747150113478,0.14638300697556275,0.10887903793088534,0.1885541378322112,0.020219843627397194,0.18192762980898575,0.1354505761815084,0.2341031073446328,0.025093572605964464,0.18192762980898575,0.1354505761815084,0.2341031073446328,0.025093572605964464
snowflake,qwen,20,job_to_talent,177,0.26068371364981535,0.10734463276836158,0.06779661016949153,0.15819209039548024,0.023402562645909862,0.06864406779661017,0.038135593220338986,0.1062146892655367,0.017433549524781874,0.10734463276836158,0.06779661016949153,0.15819209039548024,0.023402562645909862,0.2655367231638418,0.2033898305084746,0.3333333333333333,0.033368038004839014,0.15174444199867929,0.1092838493897816,0.2001853889989483,0.023251833059863395,0.1317702967445495,0.09492504301321954,0.17348440433547455,0.02001581207510043,0.3672316384180791,0.2994350282485876,0.4406779661016949,0.036552434732234844,0.21897424609289018,0.16942420573776507,0.2721199280945043,0.026521966744140195,0.15695673082287662,0.1200864876490828,0.1979886518966549,0.020020475950701486,0.423728813559322,0.3502824858757062,0.4971751412429379,0.03728861454922666,0.26068371364981535,0.208906574828185,0.3165090523882897,0.027560496016486958,0.17056781813940344,0.1337616170887056,0.212622517583401,0.02006498696167553,0.423728813559322,0.3502824858757062,0.4971751412429379,0.03728861454922666,0.26068371364981535,0.208906574828185,0.3165090523882897,0.027560496016486958,0.17056781813940344,0.1337616170887056,0.212622517583401,0.02006498696167553,0.423728813559322,0.3502824858757062,0.4971751412429379,0.03728861454922666,0.26068371364981535,0.208906574828185,0.3165090523882897,0.027560496016486958,0.17056781813940344,0.1337616170887056,0.212622517583401,0.02006498696167553,0.1856849333045744,0.14117719757394484,0.23550307575949392,0.02390119224535692,0.18175051564882075,0.13705396377006548,0.2318833512689445,0.02404777840482338
snowflake,qwen,50,job_to_talent,177,0.4106996111233399,0.0903954802259887,0.05084745762711865,0.13559322033898305,0.02166578811409819,0.05875706214689266,0.029943502824858755,0.09397363465160075,0.01636314524517519,0.0903954802259887,0.05084745762711865,0.13559322033898305,0.02166578811409819,0.24858757062146894,0.1864406779661017,0.3163841807909605,0.032611552404793104,0.14815956171888375,0.10563987330936485,0.19604626776236944,0.023194462081584592,0.1244105753826464,0.08860388294364403,0.16489747632211904,0.019520056548387246,0.384180790960452,0.3163841807909605,0.4576271186440678,0.036635805590552975,0.24275014063149655,0.19138275918996256,0.2998666140827158,0.02788420710395601,0.15798173427927134,0.12203558214788199,0.19820310728385618,0.019509663503239412,0.4915254237288136,0.4180790960451977,0.5649717514124294,0.037645865399174736,0.31428204563797785,0.2593303036417443,0.3733585858585857,0.02895947894793875,0.18048689949860455,0.14518560596331437,0.22048208564395919,0.019248135990667027,0.5932203389830508,0.519774011299435,0.6666666666666666,0.037083215345396194,0.4106996111233399,0.35233969537994964,0.4723525050749626,0.03059218634203469,0.20423653601444688,0.16939158169730467,0.24404510857708306,0.018948099356969055,0.5932203389830508,0.519774011299435,0.6666666666666666,0.037083215345396194,0.4106996111233399,0.35233969537994964,0.4723525050749626,0.03059218634203469,0.20423653601444688,0.16939158169730467,0.24404510857708306,0.018948099356969055,0.18282726069229463,0.1409823095340957,0.22890646606620252,0.022364313267682692,0.1719419782979105,0.1295998116760829,0.21858852345081153,0.02276326374156365
snowflake,qwen,100,job_to_talent,177,0.585758309487123,0.0903954802259887,0.05084745762711865,0.13559322033898305,0.021626468584708188,0.05875706214689266,0.029661016949152543,0.09312617702448212,0.016318864382208906,0.0903954802259887,0.05084745762711865,0.13559322033898305,0.021626468584708188,0.24293785310734464,0.1807909604519774,0.3050847457627119,0.032119491146549856,0.1463191234377675,0.1037300975860298,0.19415339839068654,0.023122326091548552,0.12343852822670319,0.08772544492383182,0.16374628438127667,0.019508761195846734,0.3785310734463277,0.3107344632768362,0.4519774011299435,0.03657788490267754,0.24123682344021327,0.18986407660136473,0.2979261745787169,0.027709042675284946,0.1570691246732334,0.12156463864310972,0.1972501096781461,0.01953458691132545,0.5141242937853108,0.4406779661016949,0.5875706214689266,0.037532488693867605,0.35249406901949276,0.2943368002054443,0.4139809566610414,0.030809686932841692,0.18959860228733033,0.1545553197434012,0.22953103822848045,0.019259855242097973,0.6892655367231638,0.6214689265536724,0.7570621468926554,0.03473135921200696,0.5105204588255435,0.4507353957248025,0.5740612389023406,0.031504821192219236,0.22707474942717626,0.19304746574946333,0.264951558767572,0.018407474651630718,0.7457627118644068,0.6836158192090396,0.807909604519774,0.032599020449280515,0.585758309487123,0.527393991366449,0.6462956593782865,0.030559739438118454,0.24314269747540393,0.20949801854903374,0.2803917747178557,0.01815285799751179,0.18401950143304974,0.14277429409798464,0.22905872588902967,0.022050246093751794,0.16826966191372972,0.12655512958479062,0.2146100125549278,0.022635963579339956
snowflake,qwen4,10,job_to_talent,177,0.1877571110621958,0.11299435028248588,0.06779661016949153,0.1638418079096045,0.024036051210552266,0.07876647834274952,0.04369114877589454,0.118879472693032,0.019079884569315694,0.11299435028248588,0.06779661016949153,0.1638418079096045,0.024036051210552266,0.2655367231638418,0.2033898305084746,0.3333333333333333,0.03330333695332004,0.15532259642429136,0.1112471720840365,0.20476269963558097,0.023793229050413936,0.13557005532771466,0.0964880131229215,0.17886358340879377,0.021044371868282438,0.3220338983050847,0.2542372881355932,0.3898305084745763,0.03506955100518569,0.1877571110621958,0.1417105681512461,0.23939855577567443,0.024813747150113478,0.14690426101938733,0.10798446050906282,0.18988226121910237,0.020940294204570734,0.3220338983050847,0.2542372881355932,0.3898305084745763,0.03506955100518569,0.1877571110621958,0.1417105681512461,0.23939855577567443,0.024813747150113478,0.14647491534917792,0.10747246892304894,0.18938112396632562,0.020928423359406572,0.3220338983050847,0.2542372881355932,0.3898305084745763,0.03506955100518569,0.1877571110621958,0.1417105681512461,0.23939855577567443,0.024813747150113478,0.14647491534917792,0.10747246892304894,0.18938112396632562,0.020928423359406572,0.3220338983050847,0.2542372881355932,0.3898305084745763,0.03506955100518569,0.1877571110621958,0.1417105681512461,0.23939855577567443,0.024813747150113478,0.14647491534917792,0.10747246892304894,0.18938112396632562,0.020928423359406572,0.17405613846291812,0.12875689400053808,0.2248321338893373,0.02460600923832095,0.17405613846291812,0.12875689400053808,0.2248321338893373,0.02460600923832095
snowflake,qwen4,20,job_to_talent,177,0.26068371364981535,0.11299435028248588,0.06779661016949153,0.1638418079096045,0.02390122726588212,0.07876647834274952,0.04453860640301318,0.11784957627118635,0.018977312333476375,0.11299435028248588,0.06779661016949153,0.1638418079096045,0.02390122726588212,0.2655367231638418,0.2033898305084746,0.3333333333333333,0.03335513059223882,0.15979956954533225,0.11563761097659402,0.20904644202313696,0.024236227550967982,0.13729758430331157,0.09908889297840541,0.1808369848987841,0.02110982325968916,0.3615819209039548,0.2937853107344633,0.4350282485875706,0.03630977260085456,0.21690696309340377,0.16752736199770096,0.27082344327047714,0.02638255687026075,0.15877840470324855,0.11995214808397024,0.202907980168342,0.021106444516239633,0.423728813559322,0.3502824858757062,0.4971751412429379,0.03728861454922666,0.26068371364981535,0.208906574828185,0.3165090523882897,0.027560496016486958,0.17329433161503835,0.13427997248063558,0.2173772573487416,0.021077207276818173,0.423728813559322,0.3502824858757062,0.4971751412429379,0.03728861454922666,0.26068371364981535,0.208906574828185,0.3165090523882897,0.027560496016486958,0.17329433161503835,0.13427997248063558,0.2173772573487416,0.021077207276818173,0.423728813559322,0.3502824858757062,0.4971751412429379,0.03728861454922666,0.26068371364981535,0.208906574828185,0.3165090523882897,0.027560496016486958,0.17329433161503835,0.13427997248063558,0.2173772573487416,0.021077207276818173,0.18310972842378623,0.13863176350900677,0.23345515806476672,0.024205149909424174,0.17866783248139181,0.13370078916689088,0.22938598556183298,0.024362071908857218
snowflake,qwen4,50,job_to_talent,177,0.4106996111233399,0.11864406779661017,0.07344632768361582,0.1694915254237288,0.024398957079731283,0.0830979284369115,0.0480225988700565,0.12382297551789076,0.019191980702629428,0.11864406779661017,0.07344632768361582,0.1694915254237288,0.024398957079731283,0.3163841807909605,0.24858757062146894,0.384180790960452,0.03492194106611683,0.20456930075574142,0.15517199843471033,0.26055722173306917,0.027160719784888033,0.16505596396800284,0.12407142632959715,0.21001674643485505,0.021941321744868875,0.3785310734463277,0.3107344632768362,0.4519774011299435,0.036418210351385205,0.23602184068285764,0.1842681812067406,0.29332162423264113,0.027810431150539387,0.17646388556684323,0.13559674957046966,0.2213650772141244,0.02183651401596477,0.4858757062146893,0.4124293785310734,0.559322033898305,0.03755855050554741,0.3180931591948541,0.26194312984567225,0.37900194438330026,0.029680792558823953,0.20090215487958743,0.16084701000547016,0.24560597502895382,0.021617024052709134,0.5932203389830508,0.519774011299435,0.6666666666666666,0.037083215345396194,0.4106996111233399,0.35233969537994964,0.4723525050749626,0.03059218634203469,0.22415804454647995,0.1846723285602472,0.26761617118880954,0.021087533296648166,0.5932203389830508,0.519774011299435,0.6666666666666666,0.037083215345396194,0.4106996111233399,0.35233969537994964,0.4723525050749626,0.03059218634203469,0.22415804454647995,0.1846723285602472,0.26761617118880954,0.021087533296648166,0.20992095707345024,0.163519968095737,0.2607458480519147,0.02453337706441495,0.19929378531073447,0.15215003138731953,0.25086393596986817,0.024962121718986558
snowflake,qwen4,100,job_to_talent,177,0.585758309487123,0.11299435028248588,0.06779661016949153,0.1638418079096045,0.023872799033436143,0.08615819209039548,0.049905838041431255,0.1271186440677966,0.01975396433770048,0.11299435028248588,0.06779661016949153,0.1638418079096045,0.023872799033436143,0.3163841807909605,0.24858757062146894,0.384180790960452,0.03493300829854349,0.20662985790104432,0.15560060349255267,0.26221580208868345,0.027108050453719897,0.16389886826826203,0.12280831871931804,0.20919232739685598,0.021961655992436564,0.3954802259887006,0.327683615819209,0.4689265536723164,0.03666925675738738,0.2661940225499547,0.2109227413358769,0.3256195276004598,0.02926106367744954,0.18525440457127762,0.1438953297481976,0.23015994032096124,0.021906739330894376,0.5480225988700564,0.480225988700565,0.6214689265536724,0.037558910710455175,0.3593721720840365,0.3027573862107761,0.41997245456991217,0.03023417291317873,0.21348982513890163,0.17356780591623783,0.2572375846439403,0.02138212174406942,0.655367231638418,0.5875706214689266,0.7231638418079096,0.03571010580510907,0.4817900555188691,0.42195739171374763,0.5453965655342775,0.03143963454517586,0.24360926314798498,0.20477287694053717,0.28671974053099414,0.02084954482177078,0.7457627118644068,0.6836158192090396,0.807909604519774,0.032599020449280515,0.585758309487123,0.527393991366449,0.6462956593782865,0.030559739438118454,0.2649112999839564,0.22700387836197794,0.30671847333477936,0.020180502516552543,0.21089055159337158,0.166705775399599,0.2596379775528445,0.02374086063895365,0.19615953726123217,0.15075934893731505,0.24573648103309118,0.02435194788677711
snowflake,qwen8,10,job_to_talent,177,0.1877571110621958,0.11864406779661017,0.07344632768361582,0.1694915254237288,0.024709659904666767,0.08653483992467043,0.049905838041431255,0.12843691148775896,0.020005728440441795,0.11864406779661017,0.07344632768361582,0.1694915254237288,0.024709659904666767,0.2598870056497175,0.1977401129943503,0.327683615819209,0.03316208257203609,0.15739415951280358,0.1135189210507007,0.20706959119035387,0.02399190821891065,0.13858188147209252,0.09888294798378294,0.18307100159534415,0.021574084832053142,0.3220338983050847,0.2542372881355932,0.3898305084745763,0.03506955100518569,0.1877571110621958,0.1417105681512461,0.23939855577567443,0.024813747150113478,0.14994996869505262,0.110364589272874,0.19433139028296864,0.02143885806177586,0.3220338983050847,0.2542372881355932,0.3898305084745763,0.03506955100518569,0.1877571110621958,0.1417105681512461,0.23939855577567443,0.024813747150113478,0.14950730616898608,0.10978685263052425,0.19395586078315968,0.021425932014353343,0.3220338983050847,0.2542372881355932,0.3898305084745763,0.03506955100518569,0.1877571110621958,0.1417105681512461,0.23939855577567443,0.024813747150113478,0.14950730616898608,0.10978685263052425,0.19395586078315968,0.021425932014353343,0.3220338983050847,0.2542372881355932,0.3898305084745763,0.03506955100518569,0.1877571110621958,0.1417105681512461,0.23939855577567443,0.024813747150113478,0.14950730616898608,0.10978685263052425,0.19395586078315968,0.021425932014353343,0.17706707918572326,0.13074690610707562,0.228721919558784,0.025026405660035868,0.17706707918572326,0.13074690610707562,0.228721919558784,0.025026405660035868
snowflake,qwen8,20,job_to_talent,177,0.26068371364981535,0.11299435028248588,0.06779661016949153,0.1638418079096045,0.024027383672385102,0.08653483992467043,0.050282485875706204,0.12947740112994346,0.020317425527877405,0.11299435028248588,0.06779661016949153,0.1638418079096045,0.024027383672385102,0.2768361581920904,0.21468926553672316,0.3446327683615819,0.03390728250238687,0.17268875192604005,0.12725560691662385,0.2247656651258346,0.02494088571511121,0.14424137934576856,0.10459264090499668,0.18976744683416233,0.021741858377235874,0.3728813559322034,0.3050847457627119,0.4463276836158192,0.03649295553785376,0.21916685009905348,0.17062075048303862,0.27233046261647953,0.026055377348802984,0.16360985611224488,0.12407841894714317,0.20872618816278735,0.021604868960294305,0.423728813559322,0.3502824858757062,0.4971751412429379,0.03728861454922666,0.26068371364981535,0.208906574828185,0.3165090523882897,0.027560496016486958,0.17693117587788054,0.1371299661456059,0.22247198904568294,0.02167133565778542,0.423728813559322,0.3502824858757062,0.4971751412429379,0.03728861454922666,0.26068371364981535,0.208906574828185,0.3165090523882897,0.027560496016486958,0.17693117587788054,0.1371299661456059,0.22247198904568294,0.02167133565778542,0.423728813559322,0.3502824858757062,0.4971751412429379,0.03728861454922666,0.26068371364981535,0.208906574828185,0.3165090523882897,0.027560496016486958,0.17693117587788054,0.1371299661456059,0.22247198904568294,0.02167133565778542,0.18438816823662288,0.13965651423278544,0.23428554051373093,0.024235806984434418,0.18072818581293157,0.1357658505963591,0.23079096045197736,0.024350508866031132
snowflake,qwen8,50,job_to_talent,177,0.4106996111233399,0.14124293785310735,0.0903954802259887,0.192090395480226,0.0263985316468167,0.1033494753833737,0.06339722894807641,0.14841404358353508,0.021712861930764937,0.14124293785310735,0.0903954802259887,0.192090395480226,0.0263985316468167,0.2994350282485876,0.23163841807909605,0.3672316384180791,0.03437989809685474,0.19558111380145277,0.1463334005918752,0.24879018697874627,0.02631119789384701,0.16806295659901796,0.12453877993251236,0.21559384995401445,0.023142557927084938,0.4011299435028249,0.3333333333333333,0.4745762711864407,0.036748265106661196,0.2658173747156798,0.21182270648372342,0.3247671172988969,0.028905148967084873,0.19340184070201222,0.15032725440325304,0.24141242854981787,0.022993803174686377,0.4745762711864407,0.40663841807909734,0.5480225988700564,0.03753517610937267,0.3072535280162399,0.2536101022329836,0.3665716792623572,0.028997444051613246,0.20754436951935254,0.16517396531556322,0.2548317539319116,0.02270921918241689,0.5932203389830508,0.519774011299435,0.6666666666666666,0.037083215345396194,0.4106996111233399,0.35233969537994964,0.4723525050749626,0.03059218634203469,0.23319002478712336,0.1916234105382417,0.27926864810651375,0.022219691922185297,0.5932203389830508,0.519774011299435,0.6666666666666666,0.037083215345396194,0.4106996111233399,0.35233969537994964,0.4723525050749626,0.03059218634203469,0.23319002478712336,0.1916234105382417,0.27926864810651375,0.022219691922185297,0.2216383734874581,0.17286898737644535,0.2746453985425909,0.025832507933180975,0.2119697784952022,0.1625789166890862,0.2660512510088781,0.026236572683523533
snowflake,qwen8,100,job_to_talent,177,0.585758309487123,0.13559322033898305,0.0847457627118644,0.1864406779661017,0.026005288092574744,0.09877589453860641,0.05979048964218457,0.1423728813559322,0.02109133196433957,0.13559322033898305,0.0847457627118644,0.1864406779661017,0.026005288092574744,0.3220338983050847,0.2542372881355932,0.3954802259887006,0.03520596026293058,0.2099836133734439,0.15913508572406876,0.2647464352972827,0.027065005662582495,0.1748702607166334,0.13145287143880433,0.22189271206670227,0.02307631910111802,0.4519774011299435,0.3785310734463277,0.5310734463276836,0.037450024260157776,0.29303262650720274,0.2379260981485558,0.35160112016044215,0.029501421960694798,0.20540416039498519,0.16258334852330728,0.2515248408820052,0.022824505775871345,0.5480225988700564,0.4745762711864407,0.6214689265536724,0.0375276429082998,0.36906412796243304,0.31190707009562946,0.430305812360897,0.030271939397502945,0.2291070424995979,0.18676791250832928,0.27471661665271646,0.022424561276214536,0.6779661016949152,0.6101694915254238,0.7457627118644068,0.03496285129029043,0.4993958960060655,0.4397318982806271,0.5609938060997383,0.03108422992247877,0.26185503651055836,0.22113521016359375,0.3060035007119773,0.021756956775819927,0.7457627118644068,0.6836158192090396,0.807909604519774,0.032599020449280515,0.585758309487123,0.527393991366449,0.6462956593782865,0.030559739438118454,0.27915359693685143,0.2393572669467322,0.32252009199767284,0.021244194855037205,0.23350530382384577,0.1858347423835224,0.2855746149013293,0.025384912243721223,0.2214801363106448,0.1725241570262757,0.27449628957044214,0.02593674565510468
bm25,jina,10,talent_to_job,230,0.23422705314009662,0.10434782608695652,0.06521739130434782,0.14347826086956522,0.02006529688146674,0.08671497584541062,0.05289855072463768,0.12367149758454106,0.018005611551080655,0.10434782608695652,0.06521739130434782,0.14347826086956522,0.02006529688146674,0.21304347826086956,0.1608695652173913,0.26521739130434785,0.0268382721920266,0.17379227053140095,0.1289855072463768,0.22125603864734297,0.023723799766122315,0.13568147109480932,0.09873913415635524,0.1742910502950995,0.019484976954127507,0.30869565217391304,0.24782608695652175,0.3695652173913043,0.030496979921133486,0.23422705314009662,0.18483091787439615,0.28645289855072453,0.025833879025109682,0.1579043682688836,0.12116517136266533,0.19655069841488623,0.01945857885288062,0.30869565217391304,0.24782608695652175,0.3695652173913043,0.030496979921133486,0.23422705314009662,0.18483091787439615,0.28645289855072453,0.025833879025109682,0.1579043682688836,0.12116517136266533,0.19655069841488623,0.01945857885288062,0.30869565217391304,0.24782608695652175,0.3695652173913043,0.030496979921133486,0.23422705314009662,0.18483091787439615,0.28645289855072453,0.025833879025109682,0.1579043682688836,0.12116517136266533,0.19655069841488623,0.01945857885288062,0.30869565217391304,0.24782608695652175,0.3695652173913043,0.030496979921133486,0.23422705314009662,0.18483091787439615,0.28645289855072453,0.025833879025109682,0.1579043682688836,0.12116517136266533,0.19655069841488623,0.01945857885288062,0.15154071773636993,0.11358083160800554,0.19166532953761214,0.0202246164042621,0.15154071773636993,0.11358083160800554,0.19166532953761214,0.0202246164042621
bm25,jina,20,talent_to_job,230,0.3227536231884058,0.09130434782608696,0.05652173913043478,0.13043478260869565,0.019069003733877828,0.08043478260869565,0.04782608695652174,0.11594202898550725,0.017595315080169108,0.09130434782608696,0.05652173913043478,0.13043478260869565,0.019069003733877828,0.23043478260869565,0.1782608695652174,0.28695652173913044,0.027792961043290716,0.18719806763285024,0.1400966183574879,0.2364734299516908,0.024453551768135334,0.14035202596241705,0.1029663965711861,0.1793098359150372,0.019504321942357943,0.3130434782608696,0.2565217391304348,0.3739130434782609,0.03025088389716152,0.24806763285024155,0.19746376811594205,0.3,0.026331988427394735,0.16126916897095736,0.12408217496552243,0.19955198777095703,0.019361402939118737,0.4043478260869565,0.3391304347826087,0.4652173913043478,0.03246238423421995,0.3227536231884058,0.2668345410628019,0.37898550724637675,0.0285632899168757,0.18327807976628216,0.1462203330730195,0.22142351358328916,0.019246048147902824,0.4043478260869565,0.3391304347826087,0.4652173913043478,0.03246238423421995,0.3227536231884058,0.2668345410628019,0.37898550724637675,0.0285632899168757,0.18327807976628216,0.1462203330730195,0.22142351358328916,0.019246048147902824,0.4043478260869565,0.3391304347826087,0.4652173913043478,0.03246238423421995,0.3227536231884058,0.2668345410628019,0.37898550724637675,0.0285632899168757,0.18327807976628216,0.1462203330730195,0.22142351358328916,0.019246048147902824,0.1534120096113635,0.11640420086131992,0.19215924566947165,0.019270049976931422,0.1468167701863354,0.10943900966183574,0.18632311076604555,0.019426001137719036
bm25,jina,50,talent_to_job,230,0.550024154589372,0.07391304347826087,0.043478260869565216,0.10869565217391304,0.017184843984160123,0.06304347826086956,0.034782608695652174,0.09565217391304348,0.015536627906853728,0.07391304347826087,0.043478260869565216,0.10869565217391304,0.017184843984160123,0.2,0.14782608695652175,0.25217391304347825,0.02640212404813878,0.16521739130434782,0.12099637681159435,0.21233695652173887,0.023406160129885355,0.11977436498481303,0.08588839452783927,0.156179038743888,0.017883724740385572,0.3217391304347826,0.2608695652173913,0.3826086956521739,0.030996340411467798,0.257487922705314,0.20434782608695654,0.3106340579710144,0.027299458792832732,0.15136788285860575,0.11659079785308245,0.18773082395417368,0.018061757704626563,0.48695652173913045,0.4217391304347826,0.5521739130434783,0.03298545417808574,0.39009661835748793,0.33260567632850246,0.44903381642512075,0.02962571050975988,0.18826851807699274,0.15467444017519005,0.22285846678330043,0.017551447933175944,0.6391304347826087,0.5782608695652174,0.7,0.03164775018059552,0.550024154589372,0.49125603864734296,0.6084565217391303,0.029878669712882437,0.22573247946440517,0.19357539510547617,0.2588842059795948,0.016767315263769293,0.6391304347826087,0.5782608695652174,0.7,0.03164775018059552,0.550024154589372,0.49125603864734296,0.6084565217391303,0.029878669712882437,0.22573247946440517,0.19357539510547617,0.2588842059795948,0.016767315263769293,0.1483709697759346,0.11542553305385995,0.18386659272319314,0.017437468553027708,0.13133022774327122,0.097477527605245,0.16797964113181502,0.017935917264651404
bm25,jina,100,talent_to_job,230,0.7237301587301587,0.06521739130434782,0.034782608695652174,0.1,0.01628141643048868,0.04989648033126294,0.02525879917184265,0.07815734989648032,0.013697353334561622,0.06521739130434782,0.034782608695652174,0.1,0.01628141643048868,0.2,0.14782608695652175,0.25217391304347825,0.02622796913656022,0.16402691511387163,0.11920289855072463,0.21056159420289852,0.023270583032867144,0.11144844792948778,0.07984440088740859,0.14466832759768833,0.01658033916549203,0.30434782608695654,0.24347826086956523,0.3652173913043478,0.030444788389404426,0.244824016563147,0.19264751552795034,0.29819228778467904,0.027037018281301037,0.13900435813103015,0.10658565110017428,0.17287653348923138,0.016854830926471137,0.4652173913043478,0.4,0.5304347826086957,0.032655722377092716,0.3692201518288475,0.31176630434782615,0.42729597998619734,0.02930814662328127,0.17349660592305222,0.14150130982513606,0.20620414676109494,0.016524556155324287,0.6652173913043479,0.6043478260869565,0.7260869565217392,0.030589275941847707,0.5593340234644583,0.5015678916494134,0.6168573153899242,0.029397953244695046,0.2154641881326648,0.18512392326879137,0.24649325317308335,0.015596944790993123,0.8043478260869565,0.7521739130434782,0.8521739130434782,0.026048274378730755,0.7237301587301587,0.6712780365769496,0.7735616804692891,0.026245943138943875,0.24777504042187362,0.2192469100511979,0.277214234415772,0.014596674040509386,0.14131250509908236,0.11018540603577907,0.17463879179835554,0.016525538831421122,0.12149413388543823,0.08933717218771567,0.155936939268461,0.0170952102749157
bm25,qwen,10,talent_to_job,230,0.23422705314009662,0.10869565217391304,0.06956521739130435,0.14782608695652175,0.02035939655702869,0.08442028985507247,0.05217391304347826,0.11956521739130435,0.017190232384401954,0.10869565217391304,0.06956521739130435,0.14782608695652175,0.02035939655702869,0.25217391304347825,0.1956521739130435,0.30869565217391304,0.028560653609355172,0.18842995169082125,0.14311413043478263,0.236256038647343,0.023864561362704876,0.14867917969259362,0.11154685453943643,0.18880661944716606,0.019691362418420545,0.30869565217391304,0.24782608695652175,0.3695652173913043,0.030496979921133486,0.23422705314009662,0.18483091787439615,0.28645289855072453,0.025833879025109682,0.16410613237384225,0.12665392698506614,0.2037500225852669,0.019718587384268092,0.30869565217391304,0.24782608695652175,0.3695652173913043,0.030496979921133486,0.23422705314009662,0.18483091787439615,0.28645289855072453,0.025833879025109682,0.16410613237384225,0.12665392698506614,0.2037500225852669,0.019718587384268092,0.30869565217391304,0.24782608695652175,0.3695652173913043,0.030496979921133486,0.23422705314009662,0.18483091787439615,0.28645289855072453,0.025833879025109682,0.16410613237384225,0.12665392698506614,0.2037500225852669,0.019718587384268092,0.30869565217391304,0.24782608695652175,0.3695652173913043,0.030496979921133486,0.23422705314009662,0.18483091787439615,0.28645289855072453,0.025833879025109682,0.16410613237384225,0.12665392698506614,0.2037500225852669,0.019718587384268092,0.16297446514837818,0.12332966701173222,0.20435162180814356,0.02077741033680011,0.16297446514837818,0.12332966701173222,0.20435162180814356,0.02077741033680011
bm25,qwen,20,talent_to_job,230,0.3227536231884058,0.11304347826086956,0.07391304347826087,0.1565217391304348,0.020855470584672225,0.08876811594202899,0.05507246376811595,0.12463768115942028,0.017790470395067037,0.11304347826086956,0.07391304347826087,0.1565217391304348,0.020855470584672225,0.25217391304347825,0.1956521739130435,0.30869565217391304,0.028678823388766893,0.20219806763285023,0.1535024154589372,0.2526841787439613,0.02511505153024237,0.15551749400194625,0.11654819601747944,0.19639690823870629,0.02027259291856673,0.3347826086956522,0.27391304347826084,0.39565217391304347,0.031037558657987505,0.26958937198067634,0.21618357487922707,0.3234541062801932,0.02733465533741461,0.17797063123387954,0.13891285547746304,0.21906964608083235,0.02014433974193257,0.4043478260869565,0.3391304347826087,0.4652173913043478,0.03246238423421995,0.3227536231884058,0.2668345410628019,0.37898550724637675,0.0285632899168757,0.19342963631257637,0.1542500290447941,0.23364234808094983,0.01999677352166491,0.4043478260869565,0.3391304347826087,0.4652173913043478,0.03246238423421995,0.3227536231884058,0.2668345410628019,0.37898550724637675,0.0285632899168757,0.19342963631257637,0.1542500290447941,0.23364234808094983,0.01999677352166491,0.4043478260869565,0.3391304347826087,0.4652173913043478,0.03246238423421995,0.3227536231884058,0.2668345410628019,0.37898550724637675,0.0285632899168757,0.19342963631257637,0.1542500290447941,0.23364234808094983,0.01999677352166491,0.1723493123812817,0.13163131611213455,0.21436902811950767,0.02092825125846586,0.16753795721187026,0.12680715148378194,0.209747196342305,0.02106546897029995
bm25,qwen,50,talent_to_job,230,0.550024154589372,0.13043478260869565,0.08695652173913043,0.17391304347826086,0.022322185104198176,0.10688405797101448,0.06992753623188405,0.14637681159420293,0.019585390750495927,0.13043478260869565,0.08695652173913043,0.17391304347826086,0.022322185104198176,0.2956521739130435,0.23478260869565218,0.3565217391304348,0.030325926619491992,0.23905797101449275,0.18695652173913044,0.29239130434782606,0.02671762998297889,0.1860813220440625,0.14410243977207893,0.22926823930204787,0.02167128263505965,0.4,0.3347826086956522,0.4652173913043478,0.032611423781530924,0.3193961352657005,0.262945652173913,0.37577475845410624,0.028773290132742702,0.21446706998851786,0.17351772531610732,0.25686509202857283,0.02140195120119271,0.5391304347826087,0.47391304347826085,0.6043478260869565,0.032925870511807315,0.4369082125603865,0.3789365942028986,0.4951455314009661,0.02999275529749328,0.24782042306538882,0.20777750747849832,0.2884736988664326,0.020686407695546506,0.6391304347826087,0.5782608695652174,0.7,0.03164775018059552,0.550024154589372,0.49125603864734296,0.6084565217391303,0.029878669712882437,0.27450919743534974,0.2355055589819365,0.3139418284828594,0.020081501466589664,0.6391304347826087,0.5782608695652174,0.7,0.03164775018059552,0.550024154589372,0.49125603864734296,0.6084565217391303,0.029878669712882437,0.27450919743534974,0.2355055589819365,0.3139418284828594,0.020081501466589664,0.2165560535400512,0.1743944970236425,0.2604611350674749,0.021864796818881992,0.202688060731539,0.15963060731538992,0.24747718253968254,0.022377052338614797
bm25,qwen,100,talent_to_job,230,0.7237301587301587,0.13478260869565217,0.09130434782608696,0.1782608695652174,0.02266750474700682,0.11268115942028986,0.07463768115942028,0.1539855072463768,0.020317913124520436,0.13478260869565217,0.09130434782608696,0.1782608695652174,0.02266750474700682,0.3217391304347826,0.2608695652173913,0.3826086956521739,0.031124482258203266,0.26717391304347826,0.21231884057971012,0.3218840579710145,0.028010155322240063,0.20080943907771895,0.1571432183087034,0.24519427843334754,0.022321323295539788,0.4260869565217391,0.36086956521739133,0.49130434782608695,0.032938675436460806,0.33845410628019323,0.2801443236714976,0.3964257246376811,0.02923737379254177,0.22668114510752707,0.18350995151894417,0.2707623324643871,0.02193384246299903,0.591304347826087,0.5303260869565227,0.6565217391304348,0.03235787333447114,0.49054865424430644,0.43077277432712213,0.5498329882677708,0.030249485081997353,0.2678885559848878,0.22721387723404307,0.308863073612623,0.020879370239146634,0.7260869565217392,0.6695652173913044,0.782608695652174,0.029181375317253764,0.6216114561766736,0.5648770703933748,0.6767641476880607,0.02858866677988838,0.29846092791476125,0.25957274931646934,0.3374302814651341,0.01986431831293803,0.8043478260869565,0.7521739130434782,0.8521739130434782,0.026048274378730755,0.7237301587301587,0.6712780365769496,0.7735616804692891,0.026245943138943875,0.3182399676694115,0.28078230059748455,0.35618283458295524,0.019214430194188982,0.227620338266962,0.18556352610104515,0.27130369175408886,0.021929095451586857,0.2105935127674258,0.16743568840579712,0.2555437370600414,0.022596651175577832
bm25,qwen4,10,talent_to_job,230,0.23422705314009662,0.13478260869565217,0.09130434782608696,0.1826086956521739,0.022704652155221473,0.09797101449275362,0.06391304347826086,0.13522463768115933,0.018237072506352942,0.13478260869565217,0.09130434782608696,0.1826086956521739,0.022704652155221473,0.28695652173913044,0.23043478260869565,0.34782608695652173,0.029886921199584447,0.21958937198067632,0.17103864734299518,0.2712826086956521,0.02546726742501261,0.1729146837958159,0.13369447813012975,0.21498117452943818,0.020647102376643522,0.30869565217391304,0.24782608695652175,0.3695652173913043,0.030496979921133486,0.23422705314009662,0.18483091787439615,0.28645289855072453,0.025833879025109682,0.17771086747605744,0.13862441670342576,0.2196949426888053,0.020594524082581177,0.30869565217391304,0.24782608695652175,0.3695652173913043,0.030496979921133486,0.23422705314009662,0.18483091787439615,0.28645289855072453,0.025833879025109682,0.17771086747605744,0.13862441670342576,0.2196949426888053,0.020594524082581177,0.30869565217391304,0.24782608695652175,0.3695652173913043,0.030496979921133486,0.23422705314009662,0.18483091787439615,0.28645289855072453,0.025833879025109682,0.17771086747605744,0.13862441670342576,0.2196949426888053,0.020594524082581177,0.30869565217391304,0.24782608695652175,0.3695652173913043,0.030496979921133486,0.23422705314009662,0.18483091787439615,0.28645289855072453,0.025833879025109682,0.17771086747605744,0.13862441670342576,0.2196949426888053,0.020594524082581177,0.18931677018633541,0.14645781573498967,0.23478364389233952,0.022813856197202737,0.18931677018633541,0.14645781573498967,0.23478364389233952,0.022813856197202737
bm25,qwen4,20,talent_to_job,230,0.3227536231884058,0.12173913043478261,0.08260869565217391,0.16521739130434782,0.02146349437827578,0.0927536231884058,0.05942028985507246,0.1289855072463768,0.01782091767146165,0.12173913043478261,0.08260869565217391,0.16521739130434782,0.02146349437827578,0.30869565217391304,0.24782608695652175,0.3695652173913043,0.030507429124035246,0.24084541062801934,0.19057487922705318,0.292512077294686,0.026166805961443006,0.17854853516317137,0.1399565941123249,0.21904812007524857,0.020347733837209756,0.3782608695652174,0.3130434782608696,0.4391304347826087,0.03207770185553671,0.29640096618357487,0.24159359903381644,0.3514498792270532,0.027911769815745235,0.19756650488532546,0.15928837841539006,0.23798065927754278,0.020231679142849235,0.4043478260869565,0.3391304347826087,0.4652173913043478,0.03246238423421995,0.3227536231884058,0.2668345410628019,0.37898550724637675,0.0285632899168757,0.205733678185822,0.16687091329587117,0.24651764237077686,0.020273848377673126,0.4043478260869565,0.3391304347826087,0.4652173913043478,0.03246238423421995,0.3227536231884058,0.2668345410628019,0.37898550724637675,0.0285632899168757,0.205733678185822,0.16687091329587117,0.24651764237077686,0.020273848377673126,0.4043478260869565,0.3391304347826087,0.4652173913043478,0.03246238423421995,0.3227536231884058,0.2668345410628019,0.37898550724637675,0.0285632899168757,0.205733678185822,0.16687091329587117,0.24651764237077686,0.020273848377673126,0.19519645209862602,0.15398253301650042,0.2390534420289855,0.02171896171140164,0.19305383022774328,0.15173516218081437,0.2371905193236715,0.02178983048626138
bm25,qwen4,50,talent_to_job,230,0.550024154589372,0.1391304347826087,0.09565217391304348,0.18695652173913044,0.022706429225361518,0.11376811594202899,0.0753623188405797,0.1536231884057971,0.01978983567294036,0.1391304347826087,0.09565217391304348,0.18695652173913044,0.022706429225361518,0.33043478260869563,0.26956521739130435,0.391304347826087,0.03135316762065313,0.26369565217391305,0.21079528985507248,0.31826086956521743,0.02743065004127373,0.20453272479534515,0.16191948384576785,0.24923430673673386,0.02223600518850256,0.4434782608695652,0.3782608695652174,0.508695652173913,0.032768097350468095,0.35946859903381645,0.3022451690821256,0.4181642512077295,0.029607843316745132,0.23800815718446652,0.1964218811153861,0.28178364943829365,0.02180015449137791,0.5782608695652174,0.5130434782608696,0.6434782608695652,0.03282977945255788,0.4738647342995169,0.4150948067632851,0.5329999999999999,0.03023265985308418,0.2705378394346964,0.23039935332300815,0.3123239250207866,0.020950899896620374,0.6391304347826087,0.5782608695652174,0.7,0.03164775018059552,0.550024154589372,0.49125603864734296,0.6084565217391303,0.029878669712882437,0.28901654611555666,0.24933007238893024,0.3301188299423547,0.020578940687331307,0.6391304347826087,0.5782608695652174,0.7,0.03164775018059552,0.550024154589372,0.49125603864734296,0.6084565217391303,0.029878669712882437,0.28901654611555666,0.24933007238893024,0.3301188299423547,0.020578940687331307,0.23431190054802728,0.19138681508738503,0.27932634004121754,0.0221896950994284,0.2223895790200138,0.17851242236024842,0.26810947204968943,0.022637905939193768
bm25,qwen4,100,talent_to_job,230,0.7237301587301587,0.1391304347826087,0.09565217391304348,0.1826086956521739,0.02266993925326426,0.1105072463768116,0.07318840579710144,0.14927536231884056,0.01939067270315028,0.1391304347826087,0.09565217391304348,0.1826086956521739,0.02266993925326426,0.3217391304347826,0.2608695652173913,0.3826086956521739,0.030883951528322615,0.2673913043478261,0.21376811594202896,0.32246376811594196,0.027682966213133445,0.2049623121728976,0.16180949410894688,0.24835772404118897,0.022033706538087477,0.45652173913043476,0.391304347826087,0.5217391304347826,0.03286957026685031,0.3674327122153209,0.3097507763975155,0.42588250517598336,0.029561845625522144,0.24131178034921566,0.19888678150545822,0.2847620892652421,0.021659682988314957,0.6173913043478261,0.5565217391304348,0.6782608695652174,0.031955805670770575,0.5146963423050379,0.4568320393374742,0.5747939095928227,0.030199449736005905,0.28163402448459,0.24194403942677298,0.32198252786627246,0.020558280599165576,0.7478260869565218,0.691304347826087,0.8043478260869565,0.028590305652715396,0.6473533471359558,0.5915984299516907,0.70274016563147,0.028329718350166164,0.3127002918582294,0.27494668891176693,0.35157624344721633,0.01961288551786984,0.8043478260869565,0.7521739130434782,0.8521739130434782,0.026048274378730755,0.7237301587301587,0.6712780365769496,0.7735616804692891,0.026245943138943875,0.32796737892646755,0.29102819650409567,0.3654741806552956,0.019051144315862502,0.24275365077284428,0.2001025827474243,0.28667034215672405,0.021959237001447685,0.22625258799171843,0.18247593167701864,0.27156241373360934,0.02263973726011696
bm25,qwen8,10,talent_to_job,230,0.23422705314009662,0.11739130434782609,0.0782608695652174,0.1608695652173913,0.021304637757565758,0.08855072463768116,0.05521739130434782,0.12492753623188405,0.017590148445520117,0.11739130434782609,0.0782608695652174,0.1608695652173913,0.021304637757565758,0.27391304347826084,0.21739130434782608,0.33043478260869563,0.029349677635634945,0.20944444444444446,0.16195652173913044,0.2594969806763284,0.024943155410142772,0.16300307908677203,0.12472589037258165,0.20364025348395212,0.020157477031268453,0.30869565217391304,0.24782608695652175,0.3695652173913043,0.030496979921133486,0.23422705314009662,0.18483091787439615,0.28645289855072453,0.025833879025109682,0.1715556778805743,0.1329805170312204,0.2122283752587755,0.020147069787637417,0.30869565217391304,0.24782608695652175,0.3695652173913043,0.030496979921133486,0.23422705314009662,0.18483091787439615,0.28645289855072453,0.025833879025109682,0.1715556778805743,0.1329805170312204,0.2122283752587755,0.020147069787637417,0.30869565217391304,0.24782608695652175,0.3695652173913043,0.030496979921133486,0.23422705314009662,0.18483091787439615,0.28645289855072453,0.025833879025109682,0.1715556778805743,0.1329805170312204,0.2122283752587755,0.020147069787637417,0.30869565217391304,0.24782608695652175,0.3695652173913043,0.030496979921133486,0.23422705314009662,0.18483091787439615,0.28645289855072453,0.025833879025109682,0.1715556778805743,0.1329805170312204,0.2122283752587755,0.020147069787637417,0.1775103519668737,0.13580577122153212,0.22153312629399582,0.02185248086008408,0.1775103519668737,0.13580577122153212,0.22153312629399582,0.02185248086008408
bm25,qwen8,20,talent_to_job,230,0.3227536231884058,0.12608695652173912,0.08695652173913043,0.16956521739130434,0.02173618719206276,0.1036231884057971,0.06884057971014493,0.1420289855072464,0.01898034114564991,0.12608695652173912,0.08695652173913043,0.16956521739130434,0.02173618719206276,0.2782608695652174,0.2217391304347826,0.3347826086956522,0.02946774751280221,0.2186231884057971,0.17115942028985504,0.2686231884057971,0.02513149418140016,0.17188159708083783,0.1327671981870839,0.2137781464521414,0.02092919730922642,0.3652173913043478,0.30434782608695654,0.4261956521739114,0.031765833838149,0.28987922705314006,0.2359903381642512,0.34425362318840574,0.027775268739426522,0.19713069884521298,0.1572930215260014,0.2387874615522494,0.020917178052519463,0.4043478260869565,0.3391304347826087,0.4652173913043478,0.03246238423421995,0.3227536231884058,0.2668345410628019,0.37898550724637675,0.0285632899168757,0.20685568909155236,0.1668191522150594,0.24837940754885032,0.02086226737052007,0.4043478260869565,0.3391304347826087,0.4652173913043478,0.03246238423421995,0.3227536231884058,0.2668345410628019,0.37898550724637675,0.0285632899168757,0.20685568909155236,0.1668191522150594,0.24837940754885032,0.02086226737052007,0.4043478260869565,0.3391304347826087,0.4652173913043478,0.03246238423421995,0.3227536231884058,0.2668345410628019,0.37898550724637675,0.0285632899168757,0.20685568909155236,0.1668191522150594,0.24837940754885032,0.02086226737052007,0.19175729463772942,0.15062931135893093,0.23519726695406046,0.021812280179205557,0.1887767425810904,0.14739290027605245,0.2325310990338164,0.021891550618051755
bm25,qwen8,50,talent_to_job,230,0.550024154589372,0.1391304347826087,0.09565217391304348,0.18695652173913044,0.022933614126426104,0.11159420289855072,0.07463768115942028,0.1514492753623188,0.01962923638830038,0.1391304347826087,0.09565217391304348,0.18695652173913044,0.022933614126426104,0.3217391304347826,0.2608695652173913,0.3826086956521739,0.03054301183304699,0.25905797101449274,0.2075996376811595,0.3119565217391304,0.02674431079536608,0.20563832193339354,0.16339232628667927,0.24975628236061484,0.021975588361913392,0.4434782608695652,0.3782608695652174,0.508695652173913,0.0329096379577533,0.35934782608695653,0.30231884057971015,0.417536231884058,0.029338130943055728,0.24129885872931398,0.19976467496762285,0.285061424838859,0.021751419927967728,0.5478260869565217,0.4826086956521739,0.6130434782608696,0.03297421344570556,0.45299516908212556,0.3943466183574879,0.5127566425120772,0.03035703932840976,0.26724669195034056,0.22671153421667223,0.30970531651305805,0.021219015787698754,0.6391304347826087,0.5782608695652174,0.7,0.03164775018059552,0.550024154589372,0.49125603864734296,0.6084565217391303,0.029878669712882437,0.29108249373741746,0.2509558129254687,0.332229778130937,0.02063970022082151,0.6391304347826087,0.5782608695652174,0.7,0.03164775018059552,0.550024154589372,0.49125603864734296,0.6084565217391303,0.029878669712882437,0.29108249373741746,0.2509558129254687,0.332229778130937,0.02063970022082151,0.24061571787841338,0.1974935272719328,0.28621507257209544,0.022492190400847552,0.23000690131124912,0.1857832556935818,0.27650142339544515,0.02292548260714683
bm25,qwen8,100,talent_to_job,230,0.7237301587301587,0.1565217391304348,0.11304347826086956,0.20434782608695654,0.02411448660210654,0.12417184265010352,0.08540372670807451,0.16573498964803313,0.02075990975768883,0.1565217391304348,0.11304347826086956,0.20434782608695654,0.02411448660210654,0.3652173913043478,0.30434782608695654,0.4260869565217391,0.03149654495409566,0.29699792960662524,0.2425465838509317,0.3521739130434783,0.028119118074635307,0.23133081570623176,0.18662915029986044,0.276637627746348,0.022835015936518058,0.45652173913043476,0.391304347826087,0.5217391304347826,0.03290109476692233,0.37996894409937887,0.32127329192546583,0.4391343167701863,0.029971901271750277,0.25946360544338953,0.21553403043109642,0.3048327794807054,0.022577901807289597,0.591304347826087,0.5260869565217391,0.6521739130434783,0.03238567047298662,0.4874016563146998,0.4287497412008282,0.5471973775017253,0.030241987696805608,0.2897161732787859,0.24792424694483423,0.33296591953379645,0.02176533024958744,0.7260869565217392,0.6695652173913044,0.782608695652174,0.02913928929348313,0.6332470669427192,0.5770598688750862,0.688647342995169,0.028644466382051217,0.3226884930527701,0.2831803894972841,0.3639246514875619,0.020736403215598637,0.8043478260869565,0.7521739130434782,0.8521739130434782,0.026048274378730755,0.7237301587301587,0.6712780365769496,0.7735616804692891,0.026245943138943875,0.3406895715621021,0.30219030921711815,0.38074048724808385,0.020017578302173728,0.26434598016434385,0.22018919184380403,0.31054593101667793,0.023162222358188805,0.24966528640441682,0.20354822291235336,0.29686348343685304,0.023792224235062533
minilm,jina,10,talent_to_job,230,0.22987232574189095,0.08260869565217391,0.04782608695652174,0.12173913043478261,0.018291223793499827,0.07391304347826087,0.041304347826086954,0.10869565217391304,0.017025317736216072,0.08260869565217391,0.04782608695652174,0.12173913043478261,0.018291223793499827,0.1826086956521739,0.13478260869565217,0.23478260869565218,0.02564735068878455,0.1488095238095238,0.10641821946169773,0.19389492753623186,0.022489197108267002,0.11829513249766309,0.08254814289457522,0.15537269626609745,0.01863467648184869,0.30434782608695654,0.24347826086956523,0.3652173913043478,0.03064600480318724,0.22987232574189095,0.1803379917184265,0.2832932194616976,0.026127534022322485,0.1473374098346617,0.11168283638496412,0.18524203644230144,0.018821134778858245,0.30434782608695654,0.24347826086956523,0.3652173913043478,0.03064600480318724,0.22987232574189095,0.1803379917184265,0.2832932194616976,0.026127534022322485,0.1473374098346617,0.11168283638496412,0.18524203644230144,0.018821134778858245,0.30434782608695654,0.24347826086956523,0.3652173913043478,0.03064600480318724,0.22987232574189095,0.1803379917184265,0.2832932194616976,0.026127534022322485,0.1473374098346617,0.11168283638496412,0.18524203644230144,0.018821134778858245,0.30434782608695654,0.24347826086956523,0.3652173913043478,0.03064600480318724,0.22987232574189095,0.1803379917184265,0.2832932194616976,0.026127534022322485,0.1473374098346617,0.11168283638496412,0.18524203644230144,0.018821134778858245,0.1349120082815735,0.09929494478951002,0.17259950828157347,0.018919308011280517,0.1349120082815735,0.09929494478951002,0.17259950828157347,0.018919308011280517
minilm,jina,20,talent_to_job,230,0.3436887508626639,0.0782608695652174,0.043478260869565216,0.11304347826086956,0.0177052954175384,0.06739130434782609,0.03768115942028986,0.10001811594202872,0.01601362698804113,0.0782608695652174,0.043478260869565216,0.11304347826086956,0.0177052954175384,0.22608695652173913,0.17391304347826086,0.2826086956521739,0.02758111588906802,0.18214285714285716,0.1358669772256729,0.22935170807453412,0.024113173785667224,0.13211805168056584,0.09723365123984137,0.16865205967228825,0.0184610008850079,0.3,0.24347826086956523,0.36086956521739133,0.030386755136287018,0.23818150448585232,0.18709454796411318,0.29047920979986197,0.026583772017967956,0.1514079342155651,0.11633869315604842,0.1881793168135431,0.0185285128907679,0.4391304347826087,0.3739130434782609,0.5043478260869565,0.033201050929115655,0.3436887508626639,0.2872055728088337,0.4013804347826087,0.029205739376633563,0.1813582780191435,0.14644517176507757,0.2179318851874444,0.018322357531715225,0.4391304347826087,0.3739130434782609,0.5043478260869565,0.033201050929115655,0.3436887508626639,0.2872055728088337,0.4013804347826087,0.029205739376633563,0.1813582780191435,0.14644517176507757,0.2179318851874444,0.018322357531715225,0.4391304347826087,0.3739130434782609,0.5043478260869565,0.033201050929115655,0.3436887508626639,0.2872055728088337,0.4013804347826087,0.029205739376633563,0.1813582780191435,0.14644517176507757,0.2179318851874444,0.018322357531715225,0.14743333490069255,0.1126134418916548,0.18381026331890765,0.018367491803624323,0.13794858523119394,0.10299616114561767,0.17470682367149756,0.018570574666400226
minilm,jina,50,talent_to_job,230,0.567215320910973,0.06956521739130435,0.0391304347826087,0.10434782608695652,0.016821293463929042,0.05449275362318841,0.027971014492753625,0.08434782608695651,0.01435339781904239,0.06956521739130435,0.0391304347826087,0.10434782608695652,0.016821293463929042,0.2,0.14782608695652175,0.25217391304347825,0.02613311161866007,0.16101449275362317,0.11738405797101456,0.20696376811594192,0.022835308247346097,0.11648412419627466,0.0834774917686613,0.15138835710571802,0.01716349859519902,0.30434782608695654,0.24347826086956523,0.3652173913043478,0.030119790766889632,0.24062111801242236,0.18905719461697723,0.2929518633540373,0.026358207450847826,0.14509817085111618,0.11161570406255274,0.18005138623257758,0.01740811507409369,0.44782608695652176,0.3826086956521739,0.5130434782608696,0.03249322602372857,0.35016218081435474,0.29306055900621114,0.40716718426501036,0.028759865410166483,0.1760823321626978,0.14345011351501497,0.21056914793775958,0.017091020168210833,0.6695652173913044,0.6086956521739131,0.7304347826086957,0.0311959735659857,0.567215320910973,0.5077316252587991,0.6245370082815734,0.029766641862953146,0.22470835376762802,0.1940936654136216,0.25722853031428183,0.01623010274742914,0.6695652173913044,0.6086956521739131,0.7304347826086957,0.0311959735659857,0.567215320910973,0.5077316252587991,0.6245370082815734,0.029766641862953146,0.22470835376762802,0.1940936654136216,0.25722853031428183,0.01623010274742914,0.1492901147057979,0.11623988882840461,0.1843113909555934,0.017382543388432387,0.13203933747412008,0.09804205486542444,0.1680886818495514,0.017847368607757867
minilm,jina,100,talent_to_job,230,0.7573878536922015,0.06086956521739131,0.030434782608695653,0.09130434782608696,0.015836609682573645,0.05289855072463768,0.02681159420289855,0.08260869565217391,0.014367211643369671,0.06086956521739131,0.030434782608695653,0.09130434782608696,0.015836609682573645,0.19130434782608696,0.14347826086956522,0.24347826086956523,0.02592756243021659,0.16318840579710145,0.11826086956521739,0.20971014492753623,0.023487116586369063,0.11031754710946882,0.0782813363730085,0.14431045003570908,0.016839767056502673,0.2956521739130435,0.2391304347826087,0.3565217391304348,0.029993233487062575,0.24507246376811595,0.19202898550724637,0.2979710144927536,0.027007726526683002,0.13818625313223387,0.10557127514871105,0.17269914581668858,0.017035554594175942,0.4434782608695652,0.3782608695652174,0.508695652173913,0.03270538855666941,0.35704623878536923,0.2997988267770876,0.41574922360248445,0.02948830296458956,0.16882210622966615,0.1372615868296166,0.2026028106268557,0.016813044926193364,0.6391304347826087,0.5782608695652174,0.7,0.03166470122080179,0.5407832988267771,0.4828967391304348,0.5997357660455486,0.03010544727448429,0.20951845988104847,0.17935953528516252,0.24186241699635028,0.01600240102720868,0.8521739130434782,0.8043478260869565,0.8956521739130435,0.023445661228354862,0.7573878536922015,0.7086949620427881,0.804247757073844,0.024482516058781763,0.25056360618656676,0.22285278331006972,0.2794753298908322,0.014568302947301756,0.1361913707046337,0.10557261707723696,0.16926559544830208,0.016265869937664004,0.11697722567287785,0.0857383540372671,0.15106840924775705,0.01678914773670357
minilm,qwen,10,talent_to_job,230,0.22987232574189095,0.12608695652173912,0.08260869565217391,0.16956521739130434,0.021995411787405633,0.09963768115942029,0.063768115942029,0.1384057971014493,0.019060008153508334,0.12608695652173912,0.08260869565217391,0.16956521739130434,0.021995411787405633,0.24347826086956523,0.19130434782608696,0.3,0.02865680590651556,0.19746376811594202,0.15,0.24818840579710144,0.025075022045804137,0.15923797910809712,0.11962321340885014,0.20200893189562036,0.021072804879766368,0.30434782608695654,0.24347826086956523,0.3652173913043478,0.03064600480318724,0.22987232574189095,0.1803379917184265,0.2832932194616976,0.026127534022322485,0.17058989876661373,0.13095080994082553,0.21301048961559405,0.020940399707130457,0.30434782608695654,0.24347826086956523,0.3652173913043478,0.03064600480318724,0.22987232574189095,0.1803379917184265,0.2832932194616976,0.026127534022322485,0.17058989876661373,0.13095080994082553,0.21301048961559405,0.020940399707130457,0.30434782608695654,0.24347826086956523,0.3652173913043478,0.03064600480318724,0.22987232574189095,0.1803379917184265,0.2832932194616976,0.026127534022322485,0.17058989876661373,0.13095080994082553,0.21301048961559405,0.020940399707130457,0.30434782608695654,0.24347826086956523,0.3652173913043478,0.03064600480318724,0.22987232574189095,0.1803379917184265,0.2832932194616976,0.026127534022322485,0.17058989876661373,0.13095080994082553,0.21301048961559405,0.020940399707130457,0.1737767425810904,0.13175897170462392,0.21889945652173912,0.022258423168591078,0.1737767425810904,0.13175897170462392,0.21889945652173912,0.022258423168591078
minilm,qwen,20,talent_to_job,230,0.3436887508626639,0.11739130434782609,0.0782608695652174,0.1608695652173913,0.021342335254186207,0.09239130434782608,0.05797101449275362,0.13043478260869565,0.018399842751353125,0.11739130434782609,0.0782608695652174,0.1608695652173913,0.021342335254186207,0.27391304347826084,0.21739130434782608,0.3347826086956522,0.029738601571702286,0.22584541062801933,0.17536231884057968,0.2777838164251207,0.026442345389262597,0.17218205078776522,0.13278479847765662,0.2143343940015138,0.02100729383844568,0.3739130434782609,0.3130434782608696,0.4391304347826087,0.03214510503472903,0.2995410628019324,0.24483091787439615,0.356451690821256,0.028319427865412205,0.19752133566324648,0.15891341998635142,0.2389003438608063,0.02077502577044112,0.4391304347826087,0.3739130434782609,0.5043478260869565,0.033201050929115655,0.3436887508626639,0.2872055728088337,0.4013804347826087,0.029205739376633563,0.21027648857004924,0.1715906090611259,0.25084902534784187,0.02056366766106589,0.4391304347826087,0.3739130434782609,0.5043478260869565,0.033201050929115655,0.3436887508626639,0.2872055728088337,0.4013804347826087,0.029205739376633563,0.21027648857004924,0.1715906090611259,0.25084902534784187,0.02056366766106589,0.4391304347826087,0.3739130434782609,0.5043478260869565,0.033201050929115655,0.3436887508626639,0.2872055728088337,0.4013804347826087,0.029205739376633563,0.21027648857004924,0.1715906090611259,0.25084902534784187,0.02056366766106589,0.1915639784155062,0.15006843513196994,0.2351927602089173,0.02161973817576297,0.18726190476190477,0.14595721187025534,0.23133260006901307,0.021757422459607326
minilm,qwen,50,talent_to_job,230,0.567215320910973,0.13043478260869565,0.08695652173913043,0.17391304347826086,0.022284362179150856,0.10833333333333334,0.07064311594202906,0.14855072463768115,0.019904935626436613,0.13043478260869565,0.08695652173913043,0.17391304347826086,0.022284362179150856,0.3130434782608696,0.2565217391304348,0.3739130434782609,0.030621632135328453,0.2579710144927536,0.20652173913043478,0.3123188405797101,0.027243482826475915,0.19532551177400626,0.15391378776523143,0.23896369802556236,0.021931840013305823,0.41304347826086957,0.3521739130434783,0.4782608695652174,0.0324858084443585,0.32504830917874394,0.2693478260869565,0.38174033816425124,0.028635225443193236,0.21915974317212794,0.17726513789512652,0.2625665654625781,0.021655513022266766,0.5217391304347826,0.45652173913043476,0.5869565217391305,0.03279822248111328,0.4250483091787439,0.3662071256038648,0.48316666666666663,0.029794145792995108,0.24694682910992088,0.20618732654069846,0.2886543147896837,0.021122552585306608,0.6695652173913044,0.6086956521739131,0.7304347826086957,0.0311959735659857,0.567215320910973,0.5077316252587991,0.6245370082815734,0.029766641862953146,0.2794798476592138,0.23994269859276834,0.3197039487114275,0.020317337995829857,0.6695652173913044,0.6086956521739131,0.7304347826086957,0.0311959735659857,0.567215320910973,0.5077316252587991,0.6245370082815734,0.029766641862953146,0.2794798476592138,0.23994269859276834,0.3197039487114275,0.020317337995829857,0.2179151720352031,0.17647123543525112,0.2615003728924871,0.021822471191968187,0.20587819185645273,0.16372459454796412,0.2507646221532091,0.022271372266248986
minilm,qwen,100,talent_to_job,230,0.7573878536922015,0.13478260869565217,0.09130434782608696,0.1782608695652174,0.02256375814583014,0.11268115942028986,0.07463768115942028,0.1528985507246377,0.020230722683616798,0.13478260869565217,0.09130434782608696,0.1782608695652174,0.02256375814583014,0.3217391304347826,0.2608695652173913,0.3826086956521739,0.031040591742552016,0.2640269151138716,0.21029632505175985,0.31848214285714277,0.027660590929416043,0.1992323313132795,0.15593958690743073,0.24323194837576162,0.022175606073078242,0.43478260869565216,0.3695652173913043,0.5,0.033027704241258046,0.3483747412008281,0.2911788302277433,0.4058007246376811,0.029441654550835913,0.22890030967489716,0.18693949172675506,0.27199057238430907,0.02184957100469476,0.5782608695652174,0.5130434782608696,0.6434782608695652,0.032848343172058744,0.4829158040027605,0.42253485162180815,0.5430233781918564,0.03082530208719094,0.2637952918258646,0.22309408239071754,0.3056665079728067,0.021011351406068583,0.717391304347826,0.6565217391304348,0.7739130434782608,0.029679942215969514,0.6207832988267771,0.5632116114561767,0.6777847653554175,0.02918708789816103,0.29582339670152447,0.25681790482740907,0.33588463916920497,0.020118363252570687,0.8521739130434782,0.8043478260869565,0.8956521739130435,0.023445661228354862,0.7573878536922015,0.7086949620427881,0.804247757073844,0.024482516058781763,0.3214752328996238,0.28477807523109483,0.35928012562690914,0.019034757707620847,0.22622126875021725,0.1846531967229279,0.2698648823326559,0.02185402005357159,0.21054520358868184,0.16779667011732227,0.25562456866804695,0.022458015374349518
minilm,qwen4,10,talent_to_job,230,0.22987232574189095,0.09130434782608696,0.05652173913043478,0.13043478260869565,0.018917868769768177,0.07137681159420291,0.041304347826086954,0.10398550724637681,0.01612013800015643,0.09130434782608696,0.05652173913043478,0.13043478260869565,0.018917868769768177,0.23478260869565218,0.1826086956521739,0.29130434782608694,0.028092354411307544,0.1877225672877847,0.1413457556935818,0.23725051759834365,0.024500005238977003,0.1451295520351588,0.10854779905077498,0.18454338309767115,0.01953228553287181,0.30434782608695654,0.24347826086956523,0.3652173913043478,0.03064600480318724,0.22987232574189095,0.1803379917184265,0.2832932194616976,0.026127534022322485,0.1602381251868333,0.12336434125481474,0.19988981167300302,0.01957303088683325,0.30434782608695654,0.24347826086956523,0.3652173913043478,0.03064600480318724,0.22987232574189095,0.1803379917184265,0.2832932194616976,0.026127534022322485,0.1602381251868333,0.12336434125481474,0.19988981167300302,0.01957303088683325,0.30434782608695654,0.24347826086956523,0.3652173913043478,0.03064600480318724,0.22987232574189095,0.1803379917184265,0.2832932194616976,0.026127534022322485,0.1602381251868333,0.12336434125481474,0.19988981167300302,0.01957303088683325,0.30434782608695654,0.24347826086956523,0.3652173913043478,0.03064600480318724,0.22987232574189095,0.1803379917184265,0.2832932194616976,0.026127534022322485,0.1602381251868333,0.12336434125481474,0.19988981167300302,0.01957303088683325,0.1571704623878537,0.1188183661145618,0.19772524154589372,0.020151547035620162,0.1571704623878537,0.1188183661145618,0.19772524154589372,0.020151547035620162
minilm,qwen4,20,talent_to_job,230,0.3436887508626639,0.12173913043478261,0.08260869565217391,0.16521739130434782,0.021564389026867407,0.09456521739130434,0.060144927536231886,0.1326086956521739,0.018290690523306268,0.12173913043478261,0.08260869565217391,0.16521739130434782,0.021564389026867407,0.2782608695652174,0.2217391304347826,0.3391304347826087,0.029924322693385144,0.22322981366459627,0.1738095238095238,0.276128364389234,0.026161958892563147,0.17628992398277935,0.13625806667111265,0.219709098218609,0.0212406950353627,0.3782608695652174,0.3130434782608696,0.4434782608695652,0.032340249109683285,0.29909937888198757,0.24438923395445136,0.355983436853002,0.028328099268132925,0.20268798643158403,0.16262208895174074,0.2454408526340018,0.02109025616385131,0.4391304347826087,0.3739130434782609,0.5043478260869565,0.033201050929115655,0.3436887508626639,0.2872055728088337,0.4013804347826087,0.029205739376633563,0.21584963576165428,0.17588280242218227,0.2580218232027766,0.02092542225535965,0.4391304347826087,0.3739130434782609,0.5043478260869565,0.033201050929115655,0.3436887508626639,0.2872055728088337,0.4013804347826087,0.029205739376633563,0.21584963576165428,0.17588280242218227,0.2580218232027766,0.02092542225535965,0.4391304347826087,0.3739130434782609,0.5043478260869565,0.033201050929115655,0.3436887508626639,0.2872055728088337,0.4013804347826087,0.029205739376633563,0.21584963576165428,0.17588280242218227,0.2580218232027766,0.02092542225535965,0.20139072439129646,0.15958988115717238,0.24588615619379348,0.022085325725514447,0.19705314009661837,0.15508643892339546,0.24165463250517596,0.022221253462252497
minilm,qwen4,50,talent_to_job,230,0.567215320910973,0.12608695652173912,0.08695652173913043,0.16956521739130434,0.021822109766683587,0.09963768115942029,0.06485507246376811,0.13804347826086955,0.018676850640223557,0.12608695652173912,0.08695652173913043,0.16956521739130434,0.021822109766683587,0.30434782608695654,0.24782608695652175,0.3652173913043478,0.030382027569664544,0.24891304347826088,0.1974547101449276,0.30217391304347824,0.026985778180118457,0.1938464212281517,0.15253423106265696,0.23782244092775534,0.021710343521238254,0.41739130434782606,0.3521739130434783,0.4782608695652174,0.032562440791248336,0.34511387163561075,0.2878447204968944,0.40308488612836435,0.029449035154992635,0.22703988436175448,0.1859006450004019,0.2699471534154966,0.02149602766417329,0.5521739130434783,0.48695652173913045,0.6173913043478261,0.03292312962450884,0.45373706004140785,0.3944927536231884,0.5116358695652173,0.03026320172352455,0.25788672262041595,0.21767621077428462,0.29931486942357477,0.020915449845544064,0.6695652173913044,0.6086956521739131,0.7304347826086957,0.0311959735659857,0.567215320910973,0.5077316252587991,0.6245370082815734,0.029766641862953146,0.2839099699250907,0.24520033593576282,0.3236775020026105,0.02025958774489669,0.6695652173913044,0.6086956521739131,0.7304347826086957,0.0311959735659857,0.567215320910973,0.5077316252587991,0.6245370082815734,0.029766641862953146,0.2839099699250907,0.24520033593576282,0.3236775020026105,0.02025958774489669,0.22414520430171767,0.18313818359159897,0.26826144675561986,0.021740748940122342,0.21143892339544512,0.16977997757073846,0.2563529158040027,0.022212567870498582
minilm,qwen4,100,talent_to_job,230,0.7573878536922015,0.12608695652173912,0.08695652173913043,0.16956521739130434,0.021737828552321696,0.09963768115942029,0.0644927536231884,0.13695652173913042,0.018573858383320527,0.12608695652173912,0.08695652173913043,0.16956521739130434,0.021737828552321696,0.3130434782608696,0.2564130434782618,0.3739130434782609,0.030497754468144764,0.2600414078674948,0.2072437888198758,0.31438923395445134,0.027441618645216083,0.19953187116696677,0.15711790638223086,0.24294703231419726,0.021753423058322455,0.41739130434782606,0.3521739130434783,0.4782608695652174,0.032510272519338614,0.34798136645962735,0.28876682194616976,0.4059549689440993,0.029643343741563587,0.22959598851316923,0.18764699941202453,0.27221971393724254,0.021498282759571087,0.5695652173913044,0.5043478260869565,0.6347826086956522,0.03284620028779487,0.4879192546583851,0.42782531055900624,0.5484787784679088,0.030974162538148754,0.2686262899817356,0.22810037634696306,0.30943394158335663,0.020780944498980602,0.7565217391304347,0.7,0.808695652173913,0.028420693727406972,0.655503795721187,0.5986158557625948,0.7106766735679779,0.02829503570652331,0.3071064025347768,0.2688283062726946,0.345112284741779,0.019507300970835775,0.8521739130434782,0.8043478260869565,0.8956521739130435,0.023445661228354862,0.7573878536922015,0.7086949620427881,0.804247757073844,0.024482516058781763,0.32655394154393214,0.28980491905654954,0.3630660363668868,0.01859381185883675,0.23280861910699363,0.19149667175327018,0.2754104564993941,0.021507256434030828,0.21470841959972395,0.17236318150448587,0.2587761387163561,0.022214979111346213
minilm,qwen8,10,talent_to_job,230,0.22987232574189095,0.11739130434782609,0.0782608695652174,0.1608695652173913,0.021274688311698584,0.10036231884057971,0.0644927536231884,0.13950181159420277,0.019054552136027754,0.11739130434782609,0.0782608695652174,0.1608695652173913,0.021274688311698584,0.23478260869565218,0.1826086956521739,0.29130434782608694,0.028087047933624296,0.19094202898550725,0.14456521739130435,0.24202898550724636,0.024669360481386553,0.15887444993760919,0.1192185842301205,0.20280342843339458,0.02117925585254899,0.30434782608695654,0.24347826086956523,0.3652173913043478,0.03064600480318724,0.22987232574189095,0.1803379917184265,0.2832932194616976,0.026127534022322485,0.17361693895950153,0.13340961696449966,0.21662052072904053,0.021122613983987105,0.30434782608695654,0.24347826086956523,0.3652173913043478,0.03064600480318724,0.22987232574189095,0.1803379917184265,0.2832932194616976,0.026127534022322485,0.17361693895950153,0.13340961696449966,0.21662052072904053,0.021122613983987105,0.30434782608695654,0.24347826086956523,0.3652173913043478,0.03064600480318724,0.22987232574189095,0.1803379917184265,0.2832932194616976,0.026127534022322485,0.17361693895950153,0.13340961696449966,0.21662052072904053,0.021122613983987105,0.30434782608695654,0.24347826086956523,0.3652173913043478,0.03064600480318724,0.22987232574189095,0.1803379917184265,0.2832932194616976,0.026127534022322485,0.17361693895950153,0.13340961696449966,0.21662052072904053,0.021122613983987105,0.17422360248447205,0.13267080745341617,0.21889389233954445,0.021886064035864707,0.17422360248447205,0.13267080745341617,0.21889389233954445,0.021886064035864707
minilm,qwen8,20,talent_to_job,230,0.3436887508626639,0.1391304347826087,0.09565217391304348,0.18695652173913044,0.022876004346437405,0.11340579710144927,0.07608695652173914,0.15434782608695652,0.01992365846328547,0.1391304347826087,0.09565217391304348,0.18695652173913044,0.022876004346437405,0.32608695652173914,0.26521739130434785,0.3869565217391304,0.030996338816670063,0.2604106280193237,0.20796920289855073,0.31463768115942026,0.027345955215305934,0.2053782229040419,0.1632479257390194,0.2493704666045993,0.022371473320749034,0.3826086956521739,0.3217391304347826,0.4434782608695652,0.032057869315757125,0.29881642512077294,0.2441056763285024,0.35446920289855066,0.028155592580368143,0.21889197804013752,0.17687712375645717,0.26286401580071844,0.02219565936313211,0.4391304347826087,0.3739130434782609,0.5043478260869565,0.033201050929115655,0.3436887508626639,0.2872055728088337,0.4013804347826087,0.029205739376633563,0.23209433886473146,0.18997986000068512,0.27563330634291616,0.02204747791692649,0.4391304347826087,0.3739130434782609,0.5043478260869565,0.033201050929115655,0.3436887508626639,0.2872055728088337,0.4013804347826087,0.029205739376633563,0.23209433886473146,0.18997986000068512,0.27563330634291616,0.02204747791692649,0.4391304347826087,0.3739130434782609,0.5043478260869565,0.033201050929115655,0.3436887508626639,0.2872055728088337,0.4013804347826087,0.029205739376633563,0.23209433886473146,0.18997986000068512,0.27563330634291616,0.02204747791692649,0.2234110751910927,0.17938911950099523,0.2695503421297522,0.02316148957094508,0.2194289164941339,0.17522420634920635,0.26579580745341613,0.02328150467545544
minilm,qwen8,50,talent_to_job,230,0.567215320910973,0.1565217391304348,0.10869565217391304,0.20434782608695654,0.02413306838742352,0.12152173913043478,0.08238768115942031,0.1621014492753623,0.02039580909309721,0.1565217391304348,0.10869565217391304,0.20434782608695654,0.02413306838742352,0.3565217391304348,0.2956521739130435,0.41739130434782606,0.03156580174030919,0.2936231884057971,0.2391286231884058,0.34905797101449276,0.02812091895155454,0.22680828401143321,0.18308954323850782,0.27142286608410765,0.022794799048547136,0.43478260869565216,0.3695652173913043,0.5,0.03261176152254006,0.36115942028985504,0.3023152173913044,0.42057971014492757,0.02969999190077166,0.2516663422778842,0.20763377567391644,0.2969766950406348,0.02280456455120022,0.5260869565217391,0.4608695652173913,0.591304347826087,0.03269504136513173,0.4390821256038648,0.38038526570048303,0.4982632850241545,0.030150225202461273,0.2746835097210671,0.23145698256540592,0.3188976422314513,0.02225105565764062,0.6695652173913044,0.6086956521739131,0.7304347826086957,0.0311959735659857,0.567215320910973,0.5077316252587991,0.6245370082815734,0.029766641862953146,0.3040902718592573,0.2625643871334444,0.3464020703373784,0.021441637637069074,0.6695652173913044,0.6086956521739131,0.7304347826086957,0.0311959735659857,0.567215320910973,0.5077316252587991,0.6245370082815734,0.029766641862953146,0.3040902718592573,0.2625643871334444,0.3464020703373784,0.021441637637069074,0.252898579580184,0.20724617828829298,0.29958188519053064,0.023439138979253406,0.24108523119392686,0.19448925983436854,0.28869409937888196,0.023909037208299858
minilm,qwen8,100,talent_to_job,230,0.7573878536922015,0.14782608695652175,0.10423913043478357,0.1956521739130435,0.023674727095039018,0.11572463768115943,0.07688224637681161,0.1552173913043478,0.02006490543491699,0.14782608695652175,0.10423913043478357,0.1956521739130435,0.023674727095039018,0.3739130434782609,0.3130434782608696,0.43478260869565216,0.03188520813966315,0.3106521739130435,0.2544927536231884,0.3670307971014492,0.028645022569616915,0.23289043362631628,0.18901050613208248,0.2769331501600095,0.02261636915387638,0.45652173913043476,0.391304347826087,0.5173913043478261,0.03274757417241304,0.3834782608695652,0.32434420289855076,0.4424710144927535,0.030042086444403246,0.2582663968804688,0.21426752373942756,0.30231655790362044,0.022458089362810036,0.6130434782608696,0.5478260869565217,0.6739130434782609,0.03196296230572626,0.5156866804692892,0.45594194271911664,0.5750840234644582,0.030439723818810747,0.29453862564268835,0.2525170010545625,0.3373640628456615,0.021500500184004286,0.7391304347826086,0.6826086956521739,0.7956521739130434,0.028865701142661803,0.6391890959282264,0.5824952553485162,0.6948072808833677,0.028770299227280936,0.3220352075268704,0.2817560128788454,0.36300482405522777,0.020606709726284082,0.8521739130434782,0.8043478260869565,0.8956521739130435,0.023445661228354862,0.7573878536922015,0.7086949620427881,0.804247757073844,0.024482516058781763,0.34488585470920224,0.3061894562521394,0.3836466418074341,0.019579982671997294,0.25787202616028343,0.2137902927725765,0.30327279223297515,0.02277036989500489,0.24192891649413387,0.19642158385093167,0.28886305210489993,0.02343374281309397
mpnet,jina,10,talent_to_job,230,0.24639406487232574,0.08260869565217391,0.04782608695652174,0.12173913043478261,0.01797056020872752,0.06920289855072463,0.03985507246376811,0.10253623188405799,0.015985652694885357,0.08260869565217391,0.04782608695652174,0.12173913043478261,0.01797056020872752,0.24347826086956523,0.18695652173913044,0.3,0.028618012174047847,0.18588681849551414,0.13937025534851624,0.2339570393374741,0.024286533934312356,0.13433926613792582,0.09942608489945012,0.1710845213843318,0.018419451026078226,0.3217391304347826,0.2608695652173913,0.3826086956521739,0.031133983520707318,0.24639406487232574,0.19447895100069013,0.29830917874396135,0.026748240561443433,0.15597010815358986,0.12021804558324352,0.19340741754845614,0.018569531565114407,0.3217391304347826,0.2608695652173913,0.3826086956521739,0.031133983520707318,0.24639406487232574,0.19447895100069013,0.29830917874396135,0.026748240561443433,0.15597010815358986,0.12021804558324352,0.19340741754845614,0.018569531565114407,0.3217391304347826,0.2608695652173913,0.3826086956521739,0.031133983520707318,0.24639406487232574,0.19447895100069013,0.29830917874396135,0.026748240561443433,0.15597010815358986,0.12021804558324352,0.19340741754845614,0.018569531565114407,0.3217391304347826,0.2608695652173913,0.3826086956521739,0.031133983520707318,0.24639406487232574,0.19447895100069013,0.29830917874396135,0.026748240561443433,0.15597010815358986,0.12021804558324352,0.19340741754845614,0.018569531565114407,0.14313319530710833,0.10772243788819877,0.1815402001380262,0.018708947213735047,0.14313319530710833,0.10772243788819877,0.1815402001380262,0.018708947213735047
mpnet,jina,20,talent_to_job,230,0.3802518978605935,0.08260869565217391,0.04782608695652174,0.12173913043478261,0.01829863746515804,0.06318840579710144,0.035507246376811595,0.09507246376811594,0.015301481184534513,0.08260869565217391,0.04782608695652174,0.12173913043478261,0.01829863746515804,0.2217391304347826,0.16956521739130434,0.2782608695652174,0.027458309952439433,0.178768115942029,0.13202898550724637,0.22753623188405794,0.024138881147339215,0.13001049825548514,0.09505195505032474,0.1667728709450647,0.01812289605704093,0.3347826086956522,0.27391304347826084,0.39565217391304347,0.03161977041498575,0.24992063492063493,0.19762396480331265,0.30367710489993094,0.026818973358288797,0.15679949273077118,0.12135338968541579,0.19409424853368565,0.018208411520439782,0.48695652173913045,0.4217391304347826,0.5521739130434783,0.033664104724185184,0.3802518978605935,0.32140916149068327,0.4394068322981366,0.029978688347177335,0.1942656280809256,0.1593534107117876,0.23055758954449343,0.018011467674241232,0.48695652173913045,0.4217391304347826,0.5521739130434783,0.033664104724185184,0.3802518978605935,0.32140916149068327,0.4394068322981366,0.029978688347177335,0.1942656280809256,0.1593534107117876,0.23055758954449343,0.018011467674241232,0.48695652173913045,0.4217391304347826,0.5521739130434783,0.033664104724185184,0.3802518978605935,0.32140916149068327,0.4394068322981366,0.029978688347177335,0.1942656280809256,0.1593534107117876,0.23055758954449343,0.018011467674241232,0.1584613286460776,0.12287536964613287,0.19686163496805914,0.018747104778073537,0.14737577639751553,0.11162685472739821,0.18648727570738438,0.01902432911537619
mpnet,jina,50,talent_to_job,230,0.5859696342305039,0.06086956521739131,0.030434782608695653,0.09565217391304348,0.015865938590969044,0.04579710144927536,0.021884057971014493,0.07347826086956522,0.013184442025454823,0.06086956521739131,0.030434782608695653,0.09565217391304348,0.015865938590969044,0.19130434782608696,0.14347826086956522,0.24347826086956523,0.02587580478278695,0.15666666666666665,0.11318478260869567,0.20304347826086955,0.022796639761667296,0.10698276391609983,0.07656309560795409,0.1407309503477917,0.0162406708098316,0.32608695652173914,0.26521739130434785,0.3869565217391304,0.030962879549856204,0.2551138716356108,0.2030419254658385,0.30946169772256726,0.02700643511384762,0.14119206115407623,0.10972580679630722,0.17493213585920606,0.016477118903945577,0.4652173913043478,0.4,0.5304347826086957,0.03317351002946264,0.3546549344375431,0.2975459799861974,0.4119981021394065,0.029083813151898022,0.1693998844098745,0.13810000806271241,0.20239386405347554,0.01627519887347372,0.6956521739130435,0.6347826086956522,0.7565217391304347,0.030364358471840422,0.5859696342305039,0.5275820393374742,0.6422736369910284,0.02940249323684658,0.22166603584702024,0.19208259135531625,0.2525364748537664,0.015322292614089883,0.6956521739130435,0.6347826086956522,0.7565217391304347,0.030364358471840422,0.5859696342305039,0.5275820393374742,0.6422736369910284,0.02940249323684658,0.22166603584702024,0.19208259135531625,0.2525364748537664,0.015322292614089883,0.1396686604963361,0.10912302597080394,0.1733923307819013,0.016419240902253565,0.12278295376121462,0.09116399240855762,0.15763772429261558,0.016864260129146394
mpnet,jina,100,talent_to_job,230,0.7979848171152519,0.06521739130434782,0.034782608695652174,0.1,0.016423963398766072,0.05376811594202899,0.02753623188405797,0.08347826086956521,0.014418844528282106,0.06521739130434782,0.034782608695652174,0.1,0.016423963398766072,0.1826086956521739,0.13478260869565217,0.23478260869565218,0.025573192629889687,0.14869565217391306,0.10578985507246383,0.1934782608695652,0.022556444423821508,0.10603747014342432,0.07438455127740971,0.1402225275811529,0.016840477400193305,0.30434782608695654,0.24347826086956523,0.3652173913043478,0.03071388961548031,0.2515942028985507,0.19782608695652174,0.3065217391304348,0.027592660140769002,0.14022107148540172,0.1073300539264025,0.1749269755493925,0.01716782720587676,0.4652173913043478,0.4,0.5304347826086957,0.03292592106641565,0.35849551414768804,0.30170591787439616,0.4151635610766046,0.029114629075551894,0.1702116391514377,0.13816334879886602,0.20354317366082486,0.016813630421050704,0.6434782608695652,0.5782608695652174,0.7043478260869566,0.03201387818149,0.5289889579020014,0.4700434782608696,0.5883824189095929,0.030165452214498394,0.20869344435047563,0.17806539150589026,0.24131642340048304,0.016145659217674815,0.8695652173913043,0.8260869565217391,0.9130434782608695,0.022271483542998412,0.7979848171152519,0.750520790200138,0.8433229813664596,0.02342349734932966,0.25869659971821907,0.23138925527829152,0.2875366617368662,0.01448816297102952,0.1400968696191402,0.10875732657476508,0.17463321177255373,0.016775621346113597,0.12052622498274672,0.08766886645962733,0.15630758281573495,0.017314498670195036
mpnet,qwen,10,talent_to_job,230,0.24639406487232574,0.13043478260869565,0.08695652173913043,0.17391304347826086,0.022191460196910828,0.10471014492753623,0.06884057971014493,0.1438405797101449,0.019208529100145498,0.13043478260869565,0.08695652173913043,0.17391304347826086,0.022191460196910828,0.27391304347826084,0.21304347826086956,0.33043478260869563,0.029905589159034473,0.22028985507246376,0.16956521739130434,0.2710144927536232,0.026064978422953584,0.17553014060507677,0.13416561793205517,0.2181928239938683,0.02146392189629198,0.3217391304347826,0.2608695652173913,0.3826086956521739,0.031133983520707318,0.24639406487232574,0.19447895100069013,0.29830917874396135,0.026748240561443433,0.1854286655740819,0.14413278478403418,0.2275458631907914,0.021373632492398723,0.3217391304347826,0.2608695652173913,0.3826086956521739,0.031133983520707318,0.24639406487232574,0.19447895100069013,0.29830917874396135,0.026748240561443433,0.1854286655740819,0.14413278478403418,0.2275458631907914,0.021373632492398723,0.3217391304347826,0.2608695652173913,0.3826086956521739,0.031133983520707318,0.24639406487232574,0.19447895100069013,0.29830917874396135,0.026748240561443433,0.1854286655740819,0.14413278478403418,0.2275458631907914,0.021373632492398723,0.3217391304347826,0.2608695652173913,0.3826086956521739,0.031133983520707318,0.24639406487232574,0.19447895100069013,0.29830917874396135,0.026748240561443433,0.1854286655740819,0.14413278478403418,0.2275458631907914,0.021373632492398723,0.18863181504485851,0.14504063146997928,0.2337063060731539,0.02259698901367683,0.18863181504485851,0.14504063146997928,0.2337063060731539,0.02259698901367683
mpnet,qwen,20,talent_to_job,230,0.3802518978605935,0.14347826086956522,0.1,0.19130434782608696,0.023170851380262234,0.11413043478260869,0.07644927536231884,0.15507246376811595,0.020096336121264612,0.14347826086956522,0.1,0.19130434782608696,0.023170851380262234,0.30434782608695654,0.24347826086956523,0.3652173913043478,0.03084296313662582,0.23876811594202899,0.18768115942028984,0.29239130434782606,0.02665354422470866,0.18811558842043735,0.14550349167318988,0.23215020717520574,0.02201845618876376,0.43043478260869567,0.3652173913043478,0.4956521739130435,0.033379128112830905,0.3308212560386473,0.27359782608695654,0.38864734299516907,0.0290031434128178,0.2205407171337929,0.17836186726280828,0.2645563189152168,0.02172232187884525,0.48695652173913045,0.4217391304347826,0.5521739130434783,0.033664104724185184,0.3802518978605935,0.32140916149068327,0.4394068322981366,0.029978688347177335,0.2349299016372226,0.19325797334391506,0.2788928839781449,0.02164197483436117,0.48695652173913045,0.4217391304347826,0.5521739130434783,0.033664104724185184,0.3802518978605935,0.32140916149068327,0.4394068322981366,0.029978688347177335,0.2349299016372226,0.19325797334391506,0.2788928839781449,0.02164197483436117,0.48695652173913045,0.4217391304347826,0.5521739130434783,0.033664104724185184,0.3802518978605935,0.32140916149068327,0.4394068322981366,0.029978688347177335,0.2349299016372226,0.19325797334391506,0.2788928839781449,0.02164197483436117,0.21506726320597636,0.1708818837344884,0.26107257925253285,0.022920620165934116,0.21117839889579018,0.16723313492063493,0.2572749309868875,0.02304669255722814
mpnet,qwen,50,talent_to_job,230,0.5859696342305039,0.13478260869565217,0.09130434782608696,0.1782608695652174,0.022583955188298397,0.11268115942028986,0.07391304347826087,0.1539945652173912,0.020252092227922416,0.13478260869565217,0.09130434782608696,0.1782608695652174,0.022583955188298397,0.2956521739130435,0.23478260869565218,0.3565217391304348,0.030382939195210963,0.2318840579710145,0.18188405797101448,0.28405797101449276,0.02617796554233995,0.1840324700118905,0.1418494697216225,0.22778745446810938,0.021940291090220807,0.3869565217391304,0.3217391304347826,0.45217391304347826,0.03282059153539831,0.2994202898550724,0.24492753623188404,0.35536231884057967,0.028340578512274905,0.20787973000576276,0.1659012430726535,0.25126888495627686,0.021816111088690818,0.5434782608695652,0.4782608695652174,0.6086956521739131,0.033469326690441975,0.4295410628019323,0.37094142512077294,0.4880471014492753,0.02995122739566595,0.2453502113043714,0.2044397627181572,0.28705219176469926,0.02111863065725104,0.6956521739130435,0.6347826086956522,0.7565217391304347,0.030364358471840422,0.5859696342305039,0.5275820393374742,0.6422736369910284,0.02940249323684658,0.2807902724120148,0.24147026589004675,0.32132001535166793,0.020187774611265922,0.6956521739130435,0.6347826086956522,0.7565217391304347,0.030364358471840422,0.5859696342305039,0.5275820393374742,0.6422736369910284,0.02940249323684658,0.2807902724120148,0.24147026589004675,0.32132001535166793,0.020187774611265922,0.21792328788824436,0.17494772205818943,0.26192318407813214,0.02209274000924943,0.2014510006901311,0.15732677708764667,0.24642947722567288,0.022702514519376594
mpnet,qwen,100,talent_to_job,230,0.7979848171152519,0.14782608695652175,0.10434782608695652,0.1956521739130435,0.023538027146049568,0.12572463768115943,0.08514492753623189,0.16884057971014493,0.02141695228442481,0.14782608695652175,0.10434782608695652,0.1956521739130435,0.023538027146049568,0.30869565217391304,0.24782608695652175,0.3695652173913043,0.030890407461814092,0.25181159420289856,0.19927536231884055,0.3065217391304348,0.027314672148728465,0.19975646390176896,0.155639240099282,0.24537371380867817,0.022920399062104132,0.43043478260869567,0.3652173913043478,0.4956521739130435,0.033199811848944154,0.3446066252587992,0.28746376811594204,0.4024327122153209,0.02955613230851278,0.23265221318877238,0.18874718777441007,0.27729299332864976,0.022578515316066215,0.5826086956521739,0.5173913043478261,0.6478260869565218,0.03286730035905367,0.47508971704623876,0.41586663216011044,0.5353005521048999,0.030393954023168544,0.267462587389707,0.2253374385023908,0.31083847838036166,0.021660349003408366,0.7347826086956522,0.6782608695652174,0.7913043478260869,0.028987778977643507,0.6396411318150449,0.5818133195307108,0.6954589371980675,0.028866359566991847,0.30551248587377083,0.26506388625234956,0.3460265562594161,0.020650012392847954,0.8695652173913043,0.8260869565217391,0.9130434782608695,0.022271483542998412,0.7979848171152519,0.750520790200138,0.8433229813664596,0.02342349734932966,0.33477353698692863,0.297096680484588,0.3730770678915731,0.019417973197844458,0.23369897245042895,0.1898359240816652,0.27866436929064803,0.0226480568802555,0.2170600414078675,0.1721582125603865,0.26322506901311243,0.02329669713545332
mpnet,qwen4,10,talent_to_job,230,0.24639406487232574,0.11304347826086956,0.07391304347826087,0.1565217391304348,0.020902363172626632,0.08586956521739131,0.05326086956521739,0.12102355072463755,0.01733570940405679,0.11304347826086956,0.07391304347826087,0.1565217391304348,0.020902363172626632,0.2608695652173913,0.20434782608695654,0.3173913043478261,0.029175160421722968,0.20243271221532091,0.15506987577639753,0.2520729813664596,0.024949796590067904,0.16018535308502613,0.12174417605235842,0.2007275492721944,0.020262264073388356,0.3217391304347826,0.2608695652173913,0.3826086956521739,0.031133983520707318,0.24639406487232574,0.19447895100069013,0.29830917874396135,0.026748240561443433,0.17496941568285604,0.13637477724015343,0.2151687794897037,0.020209829552617443,0.3217391304347826,0.2608695652173913,0.3826086956521739,0.031133983520707318,0.24639406487232574,0.19447895100069013,0.29830917874396135,0.026748240561443433,0.17496941568285604,0.13637477724015343,0.2151687794897037,0.020209829552617443,0.3217391304347826,0.2608695652173913,0.3826086956521739,0.031133983520707318,0.24639406487232574,0.19447895100069013,0.29830917874396135,0.026748240561443433,0.17496941568285604,0.13637477724015343,0.2151687794897037,0.020209829552617443,0.3217391304347826,0.2608695652173913,0.3826086956521739,0.031133983520707318,0.24639406487232574,0.19447895100069013,0.29830917874396135,0.026748240561443433,0.17496941568285604,0.13637477724015343,0.2151687794897037,0.020209829552617443,0.17722567287784677,0.13590234644582472,0.2196187888198758,0.021560816856940657,0.17722567287784677,0.13590234644582472,0.2196187888198758,0.021560816856940657
mpnet,qwen4,20,talent_to_job,230,0.3802518978605935,0.13043478260869565,0.08695652173913043,0.17391304347826086,0.022313172912973054,0.10108695652173913,0.06557971014492753,0.1394927536231884,0.018833496402035334,0.13043478260869565,0.08695652173913043,0.17391304347826086,0.022313172912973054,0.3,0.24347826086956523,0.36086956521739133,0.030483871712654428,0.23673913043478262,0.18550724637681162,0.2899999999999999,0.02655538736128307,0.18622948152304333,0.14540518389383253,0.22978830058616398,0.021610151420121772,0.4043478260869565,0.3391304347826087,0.46956521739130436,0.032734795613480354,0.311031746031746,0.25596920289855074,0.3681337991718426,0.02866151324700247,0.21317926616486657,0.17224963597189988,0.2568648514687751,0.021522984921134723,0.48695652173913045,0.4217391304347826,0.5521739130434783,0.033664104724185184,0.3802518978605935,0.32140916149068327,0.4394068322981366,0.029978688347177335,0.23242635595453864,0.19223193410869716,0.275357279993948,0.021267723506738456,0.48695652173913045,0.4217391304347826,0.5521739130434783,0.033664104724185184,0.3802518978605935,0.32140916149068327,0.4394068322981366,0.029978688347177335,0.23242635595453864,0.19223193410869716,0.275357279993948,0.021267723506738456,0.48695652173913045,0.4217391304347826,0.5521739130434783,0.033664104724185184,0.3802518978605935,0.32140916149068327,0.4394068322981366,0.029978688347177335,0.23242635595453864,0.19223193410869716,0.275357279993948,0.021267723506738456,0.2143608558997575,0.17215206795334084,0.25893953803157177,0.022408167456555245,0.20863008971704625,0.16572437888198757,0.2536494996549344,0.022581924287020598
mpnet,qwen4,50,talent_to_job,230,0.5859696342305039,0.12608695652173912,0.08260869565217391,0.16956521739130434,0.021767502806934597,0.09528985507246378,0.06123188405797101,0.1318840579710145,0.017898548350642335,0.12608695652173912,0.08260869565217391,0.16956521739130434,0.021767502806934597,0.3173913043478261,0.2565217391304348,0.3782608695652174,0.030823320547971867,0.2497826086956522,0.19760688405797106,0.30231884057971015,0.026754704940363565,0.1916330890023576,0.15078849424293297,0.23327311145802446,0.021113167128809788,0.4043478260869565,0.3391304347826087,0.46956521739130436,0.03239377281227416,0.3256625258799172,0.26857789855072467,0.3824857660455486,0.029015150297526635,0.21829860066086906,0.1773988335325656,0.2596294040985769,0.02104026210559823,0.5608695652173913,0.4956521739130435,0.6260869565217392,0.03245784106057887,0.44708764665286405,0.3888743961352657,0.5050348516218082,0.02979839720562503,0.2534518025154851,0.21429666456322766,0.2937658211434498,0.020350786006757788,0.6956521739130435,0.6347826086956522,0.7565217391304347,0.030364358471840422,0.5859696342305039,0.5275820393374742,0.6422736369910284,0.02940249323684658,0.2849977200900974,0.2471253565439404,0.32393528553237405,0.01954307280840126,0.6956521739130435,0.6347826086956522,0.7565217391304347,0.030364358471840422,0.5859696342305039,0.5275820393374742,0.6422736369910284,0.02940249323684658,0.2849977200900974,0.2471253565439404,0.32393528553237405,0.01954307280840126,0.2253928287024895,0.18431159678013204,0.26807586365242986,0.021538152063588174,0.21004140786749484,0.16798084886128364,0.2538231107660455,0.022095056264424012
mpnet,qwen4,100,talent_to_job,230,0.7979848171152519,0.14347826086956522,0.1,0.19130434782608696,0.02299642972207192,0.11268115942028986,0.07572463768115943,0.15181159420289855,0.019502740060290843,0.14347826086956522,0.1,0.19130434782608696,0.02299642972207192,0.3217391304347826,0.2608695652173913,0.3826086956521739,0.030890785648737058,0.27246376811594203,0.2181159420289855,0.3282608695652174,0.028100288721074194,0.21114982716795347,0.16774981026180533,0.25592492640069264,0.022431625622458883,0.4217391304347826,0.3565217391304348,0.4826086956521739,0.03262191684437219,0.3444616977225673,0.28721532091097307,0.40289855072463765,0.02950279817845002,0.2362603233682161,0.19313272631265502,0.2802457852861514,0.02211977012661023,0.5869565217391305,0.5217391304347826,0.6478260869565218,0.03256437567844703,0.4882574189095928,0.42883523119392686,0.5477538819875777,0.03061526850866375,0.2767372878677803,0.23546700302854237,0.31850990704677656,0.021309852258436995,0.7478260869565218,0.691304347826087,0.8,0.028470567829149064,0.6500931677018633,0.5940257936507936,0.7057419772256728,0.028528209476605684,0.31384196619784144,0.2751103488174944,0.3532893292117939,0.02014722951289878,0.8695652173913043,0.8260869565217391,0.9130434782608695,0.022271483542998412,0.7979848171152519,0.750520790200138,0.8433229813664596,0.02342349734932966,0.34189449828938795,0.30490998301189354,0.37962667115803245,0.01891892514943327,0.24565383127602214,0.202750106360056,0.2894946200621209,0.022417440934755995,0.22713940648723258,0.18316597653554173,0.27232582815734985,0.02314768153772394
mpnet,qwen8,10,talent_to_job,230,0.24639406487232574,0.13478260869565217,0.09130434782608696,0.1782608695652174,0.022637145273306077,0.10615942028985507,0.06956521739130435,0.14492753623188404,0.019316277137161122,0.13478260869565217,0.09130434782608696,0.1782608695652174,0.022637145273306077,0.2608695652173913,0.20434782608695654,0.3173913043478261,0.029279486796560204,0.20108695652173914,0.1532608695652174,0.2510960144927535,0.024952831438684337,0.16704961477270955,0.12580669432858196,0.20993190520543203,0.021336968286369884,0.3217391304347826,0.2608695652173913,0.3826086956521739,0.031133983520707318,0.24639406487232574,0.19447895100069013,0.29830917874396135,0.026748240561443433,0.18255717001875307,0.14111527857071407,0.2250152162417303,0.02128526842125653,0.3217391304347826,0.2608695652173913,0.3826086956521739,0.031133983520707318,0.24639406487232574,0.19447895100069013,0.29830917874396135,0.026748240561443433,0.18255717001875307,0.14111527857071407,0.2250152162417303,0.02128526842125653,0.3217391304347826,0.2608695652173913,0.3826086956521739,0.031133983520707318,0.24639406487232574,0.19447895100069013,0.29830917874396135,0.026748240561443433,0.18255717001875307,0.14111527857071407,0.2250152162417303,0.02128526842125653,0.3217391304347826,0.2608695652173913,0.3826086956521739,0.031133983520707318,0.24639406487232574,0.19447895100069013,0.29830917874396135,0.026748240561443433,0.18255717001875307,0.14111527857071407,0.2250152162417303,0.02128526842125653,0.1883902691511387,0.14387267080745342,0.23383648205659074,0.022954782805061354,0.1883902691511387,0.14387267080745342,0.23383648205659074,0.022954782805061354
mpnet,qwen8,20,talent_to_job,230,0.3802518978605935,0.15217391304347827,0.10434782608695652,0.2,0.023980495283965095,0.12007246376811595,0.08072101449275365,0.16116123188405795,0.020479549858732224,0.15217391304347827,0.10434782608695652,0.2,0.023980495283965095,0.32608695652173914,0.26521739130434785,0.3869565217391304,0.031223889356398936,0.25956521739130434,0.2073170289855073,0.3139130434782608,0.027361677632958457,0.20740120479780635,0.16379298515798854,0.2527091228590542,0.022713330148015163,0.4,0.3347826086956522,0.4652173913043478,0.03306001892645812,0.315,0.2580416666666667,0.3718876811594202,0.029040425575865607,0.22774369176865808,0.18450220862437308,0.2734408713671361,0.022752365098221143,0.48695652173913045,0.4217391304347826,0.5521739130434783,0.033664104724185184,0.3802518978605935,0.32140916149068327,0.4394068322981366,0.029978688347177335,0.24616117238635504,0.2030743858469237,0.29118046154502125,0.022418682267611775,0.48695652173913045,0.4217391304347826,0.5521739130434783,0.033664104724185184,0.3802518978605935,0.32140916149068327,0.4394068322981366,0.029978688347177335,0.24616117238635504,0.2030743858469237,0.29118046154502125,0.022418682267611775,0.48695652173913045,0.4217391304347826,0.5521739130434783,0.033664104724185184,0.3802518978605935,0.32140916149068327,0.4394068322981366,0.029978688347177335,0.24616117238635504,0.2030743858469237,0.29118046154502125,0.022418682267611775,0.2320651764890559,0.18633769233404532,0.27981322446146534,0.023789333081584405,0.22611628709454798,0.18001712387853694,0.27417977915804004,0.02400366147992747
mpnet,qwen8,50,talent_to_job,230,0.5859696342305039,0.1391304347826087,0.09565217391304348,0.1826086956521739,0.0230162895836922,0.10485507246376811,0.06898188405797104,0.1427536231884058,0.018954410716588013,0.1391304347826087,0.09565217391304348,0.1826086956521739,0.0230162895836922,0.3521739130434783,0.29130434782608694,0.41304347826086957,0.03151787454270959,0.28456521739130436,0.23043478260869565,0.33869746376811594,0.027825394285457068,0.21476212908154915,0.1724266631035002,0.2579969293995328,0.021911170669848455,0.44782608695652176,0.3826086956521739,0.5130434782608696,0.03297418739280016,0.36572463768115937,0.3082590579710145,0.4235507246376811,0.02974254693556775,0.24378849132282243,0.2019867898408948,0.2868622401340813,0.02185111704595879,0.5608695652173913,0.4956521739130435,0.6260869565217392,0.03280743292606857,0.4534541062801932,0.39441545893719815,0.5119601449275362,0.030183183393345542,0.2685384307880899,0.22727317266193273,0.3104876862720141,0.021226499848898874,0.6956521739130435,0.6347826086956522,0.7565217391304347,0.030364358471840422,0.5859696342305039,0.5275820393374742,0.6422736369910284,0.02940249323684658,0.2993282688720222,0.2593459514864273,0.33996662823446017,0.020376661160444978,0.6956521739130435,0.6347826086956522,0.7565217391304347,0.030364358471840422,0.5859696342305039,0.5275820393374742,0.6422736369910284,0.02940249323684658,0.2993282688720222,0.2593459514864273,0.33996662823446017,0.020376661160444978,0.24351107028478985,0.19971337926035623,0.2879098048345038,0.022530424733424363,0.23151483781918566,0.1869606625258799,0.27663962215320914,0.02301342966247783
mpnet,qwen8,100,talent_to_job,230,0.7979848171152519,0.14347826086956522,0.1,0.19130434782608696,0.023326118120648578,0.11485507246376812,0.07644927536231884,0.15544384057971,0.020057785416855156,0.14347826086956522,0.1,0.19130434782608696,0.023326118120648578,0.3695652173913043,0.30869565217391304,0.43043478260869567,0.03202874651330599,0.30992753623188407,0.2532608695652174,0.36623188405797097,0.028907545976788244,0.23593324862193304,0.19093560814906974,0.28089359925233315,0.022973631639997882,0.46956521739130436,0.4043478260869565,0.5347826086956522,0.032866491042692056,0.3950724637681159,0.33550724637681156,0.4544927536231884,0.030436293987469325,0.2658318382230883,0.22158154989281786,0.31030709546348645,0.022686167179295978,0.6086956521739131,0.5478260869565217,0.6695652173913044,0.0319551099096588,0.511280193236715,0.4528496376811595,0.571763888888889,0.030344226199654666,0.2982469348060879,0.2568459123910522,0.34137663572446414,0.021742605282573612,0.7565217391304347,0.7,0.808695652173913,0.028107901300185062,0.6585472739820567,0.6030326949620429,0.7145415804002759,0.02842282353612328,0.33130761891196775,0.29196556338955965,0.3723415677688967,0.020649516377876345,0.8695652173913043,0.8260869565217391,0.9130434782608695,0.022271483542998412,0.7979848171152519,0.750520790200138,0.8433229813664596,0.02342349734932966,0.3581136235021875,0.32039701386290664,0.3964763171513347,0.019464002956163563,0.2633466766186157,0.21978130680596578,0.30786558120560137,0.0226544665274972,0.24765700483091788,0.20298391131815047,0.2938081866804693,0.023330696903071844
qwen3_embedding,jina,10,talent_to_job,230,0.34644927536231884,0.11304347826086956,0.07391304347826087,0.1565217391304348,0.021014217668864205,0.09253623188405798,0.05789855072463768,0.13043478260869565,0.018495251770062962,0.11304347826086956,0.07391304347826087,0.1565217391304348,0.021014217668864205,0.2608695652173913,0.20434782608695654,0.3173913043478261,0.028895234708285044,0.2255072463768116,0.17434420289855074,0.27753985507246376,0.02643250664512209,0.16781441415810827,0.12811676705705843,0.20824504837224872,0.02059874470115467,0.4043478260869565,0.3391304347826087,0.46956521739130436,0.03262839009901785,0.34644927536231884,0.2881847826086957,0.40565398550724635,0.030072876275819296,0.21072352338147918,0.1708309855890983,0.25115705911031283,0.02065017573726425,0.4043478260869565,0.3391304347826087,0.46956521739130436,0.03262839009901785,0.34644927536231884,0.2881847826086957,0.40565398550724635,0.030072876275819296,0.21072352338147918,0.1708309855890983,0.25115705911031283,0.02065017573726425,0.4043478260869565,0.3391304347826087,0.46956521739130436,0.03262839009901785,0.34644927536231884,0.2881847826086957,0.40565398550724635,0.030072876275819296,0.21072352338147918,0.1708309855890983,0.25115705911031283,0.02065017573726425,0.4043478260869565,0.3391304347826087,0.46956521739130436,0.03262839009901785,0.34644927536231884,0.2881847826086957,0.40565398550724635,0.030072876275819296,0.21072352338147918,0.1708309855890983,0.25115705911031283,0.02065017573726425,0.18550034506556246,0.1449878795721187,0.22746036059351277,0.021142570733424012,0.18550034506556246,0.1449878795721187,0.22746036059351277,0.021142570733424012
qwen3_embedding,jina,20,talent_to_job,230,0.4233816425120773,0.09130434782608696,0.05652173913043478,0.13043478260869565,0.019271056678860365,0.07985507246376812,0.04738768115942032,0.11608695652173912,0.01761022659843851,0.09130434782608696,0.05652173913043478,0.13043478260869565,0.019271056678860365,0.26521739130434785,0.20869565217391303,0.3217391304347826,0.02909425662600847,0.21934782608695652,0.16883876811594203,0.2714510869565217,0.02609348477970603,0.15449492205241327,0.11749459336299514,0.19349270342175484,0.01958009778165938,0.3739130434782609,0.3130434782608696,0.43478260869565216,0.031827768059663496,0.30811594202898546,0.25246014492753627,0.3646376811594203,0.02878187515413031,0.18449712871139107,0.14758188733610644,0.2227419329106969,0.019439175281054107,0.5043478260869565,0.4391304347826087,0.5695652173913044,0.03314774013401877,0.4233816425120773,0.3633091787439614,0.48488285024154587,0.030778715550185836,0.21678556874984548,0.17976146606749355,0.25433048043396383,0.019160153213491876,0.5043478260869565,0.4391304347826087,0.5695652173913044,0.03314774013401877,0.4233816425120773,0.3633091787439614,0.48488285024154587,0.030778715550185836,0.21678556874984548,0.17976146606749355,0.25433048043396383,0.019160153213491876,0.5043478260869565,0.4391304347826087,0.5695652173913044,0.03314774013401877,0.4233816425120773,0.3633091787439614,0.48488285024154587,0.030778715550185836,0.21678556874984548,0.17976146606749355,0.25433048043396383,0.019160153213491876,0.1708137402785067,0.13402203992491632,0.2090151478129377,0.01938420427892782,0.16141476880607317,0.124391994478951,0.2003750431331953,0.019621679203185707
qwen3_embedding,jina,50,talent_to_job,230,0.5883264320220841,0.06956521739130435,0.0391304347826087,0.10434782608695652,0.01705457646090543,0.05811594202898551,0.030579710144927535,0.09,0.015102009822164964,0.06956521739130435,0.0391304347826087,0.10434782608695652,0.01705457646090543,0.20434782608695654,0.15217391304347827,0.2565217391304348,0.026696240154266877,0.16525879917184264,0.11970859213250518,0.21159420289855072,0.02352882188788928,0.1169052598053579,0.08357886175661199,0.15289686714358475,0.01753040272872254,0.32608695652173914,0.26521739130434785,0.3869565217391304,0.031145588608855357,0.2590993788819876,0.20522774327122154,0.3133335921325051,0.027429820950986582,0.14957221418961344,0.11591887640885466,0.18515075613831938,0.01768082844726898,0.49130434782608695,0.4260869565217391,0.5565217391304348,0.03281661269553995,0.3930365769496204,0.3349616114561767,0.45171497584541065,0.02990041360570362,0.18636687969881052,0.15327333707074103,0.22057156925672017,0.0172677450704324,0.6782608695652174,0.6173913043478261,0.7391304347826086,0.030857466876005563,0.5883264320220841,0.5275762594893029,0.6479176155969634,0.03034472342438499,0.22983103832002996,0.19843184545300924,0.2632336716348452,0.016441887540423708,0.6782608695652174,0.6173913043478261,0.7391304347826086,0.030857466876005563,0.5883264320220841,0.5275762594893029,0.6479176155969634,0.03034472342438499,0.22983103832002996,0.19843184545300924,0.2632336716348452,0.016441887540423708,0.1492118765158282,0.11621076197141011,0.1845879181663962,0.01746741228908006,0.13209454796411318,0.09842430124223603,0.16846678743961352,0.01795405484672696
qwen3_embedding,jina,100,talent_to_job,230,0.75540027605245,0.07391304347826087,0.043478260869565216,0.10869565217391304,0.017460135394014437,0.06246376811594203,0.0336231884057971,0.09449275362318842,0.015590510387435261,0.07391304347826087,0.043478260869565216,0.10869565217391304,0.017460135394014437,0.1826086956521739,0.13478260869565217,0.23478260869565218,0.025602439495652447,0.14641821946169772,0.10434782608695652,0.1919254658385093,0.022226117121857236,0.10836740494676958,0.07652165169189419,0.1438177716328212,0.017331580654664395,0.2826086956521739,0.22608695652173913,0.34347826086956523,0.029846058641739025,0.2384472049689441,0.1858374741200828,0.29182194616977225,0.027044241163003475,0.1386040022767963,0.10552162093107383,0.17418360477495695,0.017641484587148787,0.4434782608695652,0.3782608695652174,0.508695652173913,0.032731774495522066,0.3529572118702553,0.2957335231193927,0.40932393029675634,0.02913595398828075,0.1709641349699407,0.13806958988375584,0.20562344252097225,0.01736733775610638,0.6434782608695652,0.5782608695652174,0.7043478260869566,0.031564223915375486,0.5334334023464458,0.4752976190476191,0.592130348516218,0.029758391294124827,0.2105831384190688,0.1794244885663282,0.24366221664719004,0.016486359813383145,0.8304347826086956,0.7782608695652173,0.8782608695652174,0.02460850662087484,0.75540027605245,0.7033816425120774,0.8027441338854382,0.02529905811494207,0.25263477630512554,0.2231426544369343,0.2835345588514535,0.015331638204497648,0.142208637977929,0.10922881609296844,0.17746583673121308,0.01748808333480834,0.12218426501035196,0.08856948757763976,0.15856478605935126,0.01802305637932525
qwen3_embedding,qwen,10,talent_to_job,230,0.34644927536231884,0.14782608695652175,0.10434782608695652,0.1956521739130435,0.023585233020582196,0.13079710144927537,0.0891304347826087,0.17427536231884055,0.02195940599018844,0.14782608695652175,0.10434782608695652,0.1956521739130435,0.023585233020582196,0.3173913043478261,0.2565217391304348,0.3782608695652174,0.030882592594061994,0.2604347826086956,0.20681159420289857,0.3147826086956522,0.02762669365487204,0.20708101385578953,0.16212985086435158,0.25323018365320904,0.02330537685933707,0.4043478260869565,0.3391304347826087,0.46956521739130436,0.03262839009901785,0.34644927536231884,0.2881847826086957,0.40565398550724635,0.030072876275819296,0.23800333323891748,0.19323048182724148,0.28429374267042845,0.023227717011294172,0.4043478260869565,0.3391304347826087,0.46956521739130436,0.03262839009901785,0.34644927536231884,0.2881847826086957,0.40565398550724635,0.030072876275819296,0.23800333323891748,0.19323048182724148,0.28429374267042845,0.023227717011294172,0.4043478260869565,0.3391304347826087,0.46956521739130436,0.03262839009901785,0.34644927536231884,0.2881847826086957,0.40565398550724635,0.030072876275819296,0.23800333323891748,0.19323048182724148,0.28429374267042845,0.023227717011294172,0.4043478260869565,0.3391304347826087,0.46956521739130436,0.03262839009901785,0.34644927536231884,0.2881847826086957,0.40565398550724635,0.030072876275819296,0.23800333323891748,0.19323048182724148,0.28429374267042845,0.023227717011294172,0.22001725327812285,0.17447813146997934,0.2663527432712215,0.02351553084740285,0.22001725327812285,0.17447813146997934,0.2663527432712215,0.02351553084740285
qwen3_embedding,qwen,20,talent_to_job,230,0.4233816425120773,0.1391304347826087,0.09565217391304348,0.18695652173913044,0.02293883952991533,0.12065217391304348,0.08043478260869565,0.16376811594202897,0.021253700735490544,0.1391304347826087,0.09565217391304348,0.18695652173913044,0.02293883952991533,0.3130434782608696,0.25217391304347825,0.3739130434782609,0.0306512102839587,0.259927536231884,0.20652173913043478,0.31377173913043477,0.027642942641011147,0.20105870684906782,0.1572643030481911,0.24634768203279991,0.02277111790236505,0.43478260869565216,0.3695652173913043,0.5,0.03275344142440267,0.3601932367149759,0.30164130434782604,0.42048550724637673,0.02987184798733484,0.23504139958765594,0.19212310189124757,0.27964517713599224,0.02234631142119423,0.5043478260869565,0.4391304347826087,0.5695652173913044,0.03314774013401877,0.4233816425120773,0.3633091787439614,0.48488285024154587,0.030778715550185836,0.2529858989807806,0.21008528532604429,0.2969524300045748,0.022102853556221488,0.5043478260869565,0.4391304347826087,0.5695652173913044,0.03314774013401877,0.4233816425120773,0.3633091787439614,0.48488285024154587,0.030778715550185836,0.2529858989807806,0.21008528532604429,0.2969524300045748,0.022102853556221488,0.5043478260869565,0.4391304347826087,0.5695652173913044,0.03314774013401877,0.4233816425120773,0.3633091787439614,0.48488285024154587,0.030778715550185836,0.2529858989807806,0.21008528532604429,0.2969524300045748,0.022102853556221488,0.21966615624022406,0.17586737911687855,0.26492343453899936,0.022632214616156176,0.21492236024844721,0.17062914078674946,0.26063530883367836,0.02278505934317456
qwen3_embedding,qwen,50,talent_to_job,230,0.5883264320220841,0.15217391304347827,0.10434782608695652,0.2,0.023816765770314698,0.12789855072463768,0.08731884057971015,0.17138586956521729,0.021438430968846744,0.15217391304347827,0.10434782608695652,0.2,0.023816765770314698,0.30434782608695654,0.24347826086956523,0.3652173913043478,0.03068300759085419,0.2539855072463768,0.20072463768115942,0.3083333333333333,0.027506530334978695,0.20373060304669693,0.15905304220007166,0.24938249971922882,0.023110941528543337,0.41304347826086957,0.34782608695652173,0.4782608695652174,0.03271702358886238,0.33492753623188404,0.27840579710144925,0.39202898550724635,0.02919615394831417,0.23300714682674428,0.1884820054408749,0.2775604650883461,0.02272116078612978,0.5478260869565217,0.4826086956521739,0.6130434782608696,0.03304508300165111,0.45661145617667354,0.39709437543133197,0.5164192546583851,0.030462625894437028,0.26768441564339507,0.22508077227693404,0.31127691234553784,0.02204646996614912,0.6782608695652174,0.6173913043478261,0.7391304347826086,0.030857466876005563,0.5883264320220841,0.5275762594893029,0.6479176155969634,0.03034472342438499,0.2970204633769039,0.2559353582718303,0.33910053263179996,0.0212573293359122,0.6782608695652174,0.6173913043478261,0.7391304347826086,0.030857466876005563,0.5883264320220841,0.5275762594893029,0.6479176155969634,0.03034472342438499,0.2970204633769039,0.2559353582718303,0.33910053263179996,0.0212573293359122,0.23525275578904964,0.19031721522540632,0.28093880284268413,0.023091120890586726,0.22095065562456867,0.17498904416839198,0.2679623878536922,0.023612222231242187
qwen3_embedding,qwen,100,talent_to_job,230,0.75540027605245,0.14782608695652175,0.10434782608695652,0.1956521739130435,0.023499854799857098,0.12572463768115943,0.08513586956521746,0.1688405797101449,0.021356736049919802,0.14782608695652175,0.10434782608695652,0.1956521739130435,0.023499854799857098,0.3173913043478261,0.2565217391304348,0.3782608695652174,0.030935854165803533,0.266304347826087,0.21159420289855074,0.3217391304347826,0.027924536923601893,0.20853611803854508,0.16358340285343512,0.25442475606250586,0.023094055823615855,0.43478260869565216,0.3695652173913043,0.5,0.03296011709194244,0.35376811594202895,0.29594202898550726,0.4110181159420289,0.02951562823900595,0.2401944854334386,0.19584466160513872,0.2849703041246124,0.022658991121004748,0.5739130434782609,0.508695652173913,0.6391304347826087,0.032818105980559405,0.47509661835748795,0.416231884057971,0.5346159420289855,0.03011272001134634,0.2734332053495511,0.23037298501235043,0.31703301833750086,0.021760099180017027,0.7347826086956522,0.6739130434782609,0.7913043478260869,0.028906570674612227,0.6395514147688062,0.5816183574879228,0.6945037094547964,0.028607894977862303,0.31133866285284395,0.27069997734926016,0.3526411624375491,0.020702492364965103,0.8304347826086956,0.7782608695652173,0.8782608695652174,0.02460850662087484,0.75540027605245,0.7033816425120774,0.8027441338854382,0.02529905811494207,0.3334577702223911,0.2943310608783917,0.37319432202682007,0.019873405696155966,0.23905101402166426,0.19516341597737089,0.2839225149764872,0.0226792686421954,0.22281228433402345,0.1777377070393375,0.2686340148378191,0.02331614127100543
qwen3_embedding,qwen4,10,talent_to_job,230,0.34644927536231884,0.15217391304347827,0.10869565217391304,0.2,0.02368948750683484,0.12427536231884058,0.08405797101449275,0.16666666666666666,0.020892649267134505,0.15217391304347827,0.10869565217391304,0.2,0.02368948750683484,0.3347826086956522,0.27391304347826084,0.39565217391304347,0.03125691176191675,0.2905072463768116,0.23369565217391305,0.34783152173913034,0.029088010407425736,0.22059234670257685,0.17520014359540112,0.2675073596053954,0.02326854645969144,0.4043478260869565,0.3391304347826087,0.46956521739130436,0.03262839009901785,0.34644927536231884,0.2881847826086957,0.40565398550724635,0.030072876275819296,0.24065959917054142,0.19567602394154757,0.28660379554026505,0.023065229038161897,0.4043478260869565,0.3391304347826087,0.46956521739130436,0.03262839009901785,0.34644927536231884,0.2881847826086957,0.40565398550724635,0.030072876275819296,0.24065959917054142,0.19567602394154757,0.28660379554026505,0.023065229038161897,0.4043478260869565,0.3391304347826087,0.46956521739130436,0.03262839009901785,0.34644927536231884,0.2881847826086957,0.40565398550724635,0.030072876275819296,0.24065959917054142,0.19567602394154757,0.28660379554026505,0.023065229038161897,0.4043478260869565,0.3391304347826087,0.46956521739130436,0.03262839009901785,0.34644927536231884,0.2881847826086957,0.40565398550724635,0.030072876275819296,0.24065959917054142,0.19567602394154757,0.28660379554026505,0.023065229038161897,0.22663388543823326,0.18106474292615596,0.27397204968944094,0.023697451991254136,0.22663388543823326,0.18106474292615596,0.27397204968944094,0.023697451991254136
qwen3_embedding,qwen4,20,talent_to_job,230,0.4233816425120773,0.15217391304347827,0.10869565217391304,0.2,0.023580170576640035,0.12427536231884058,0.08478260869565217,0.16594202898550728,0.02080700394846118,0.15217391304347827,0.10869565217391304,0.2,0.023580170576640035,0.3173913043478261,0.2565217391304348,0.3782608695652174,0.030708419268804084,0.2691304347826087,0.21507246376811595,0.32449637681159416,0.0282153999550084,0.21434825216014883,0.16988073290268713,0.2607057642779549,0.023156682609979794,0.4217391304347826,0.3565217391304348,0.48695652173913045,0.03257606657091237,0.357536231884058,0.29891304347826086,0.41739130434782606,0.030175612583720195,0.24607464509243535,0.201229828751607,0.29134304974651637,0.022871867994844634,0.5043478260869565,0.4391304347826087,0.5695652173913044,0.03314774013401877,0.4233816425120773,0.3633091787439614,0.48488285024154587,0.030778715550185836,0.26482092938782636,0.22096885361853166,0.3089608695313877,0.022486364358273506,0.5043478260869565,0.4391304347826087,0.5695652173913044,0.03314774013401877,0.4233816425120773,0.3633091787439614,0.48488285024154587,0.030778715550185836,0.26482092938782636,0.22096885361853166,0.3089608695313877,0.022486364358273506,0.5043478260869565,0.4391304347826087,0.5695652173913044,0.03314774013401877,0.4233816425120773,0.3633091787439614,0.48488285024154587,0.030778715550185836,0.26482092938782636,0.22096885361853166,0.3089608695313877,0.022486364358273506,0.2378400209518126,0.19299573925620078,0.28435959423161605,0.02333875543097678,0.23210835058661144,0.1864988354037267,0.27885093167701863,0.023551132495810638
qwen3_embedding,qwen4,50,talent_to_job,230,0.5883264320220841,0.1565217391304348,0.10869565217391304,0.20434782608695654,0.02389073574114678,0.12789855072463768,0.08804347826086957,0.17028985507246375,0.020909399498230494,0.1565217391304348,0.10869565217391304,0.20434782608695654,0.02389073574114678,0.36086956521739133,0.3,0.4217391304347826,0.03190150197351767,0.29569358178053834,0.23974896480331265,0.35207039337474116,0.028588861816755167,0.23083209192942486,0.18522635113156927,0.2761216126621426,0.023223778010431288,0.45217391304347826,0.3869565217391304,0.5173913043478261,0.03291070844626081,0.37062111801242237,0.3111997929606625,0.4286653726708074,0.02995945469018998,0.2559543779486932,0.2110536311457075,0.30045973405027754,0.02284125908158707,0.5695652173913044,0.5043478260869565,0.6347826086956522,0.03288855207025513,0.4808143547273982,0.42065079365079366,0.5421018806073153,0.031039762353646923,0.2868183199419188,0.2436687877401525,0.3299175153793321,0.022194283961184707,0.6782608695652174,0.6173913043478261,0.7391304347826086,0.030857466876005563,0.5883264320220841,0.5275762594893029,0.6479176155969634,0.03034472342438499,0.31114935004466343,0.26921582187364096,0.3539984504064988,0.021546807351468182,0.6782608695652174,0.6173913043478261,0.7391304347826086,0.030857466876005563,0.5883264320220841,0.5275762594893029,0.6479176155969634,0.03034472342438499,0.31114935004466343,0.26921582187364096,0.3539984504064988,0.021546807351468182,0.25730090577763004,0.21192553611957082,0.3026611653380051,0.023298369689786567,0.24580572808833678,0.19987336093857833,0.2921567028985507,0.02377334869927168
qwen3_embedding,qwen4,100,talent_to_job,230,0.75540027605245,0.15217391304347827,0.10869565217391304,0.2,0.02353271620017617,0.12355072463768116,0.08405797101449276,0.1648550724637681,0.020505177107154115,0.15217391304347827,0.10869565217391304,0.2,0.02353271620017617,0.34347826086956523,0.2826086956521739,0.4043478260869565,0.03142105334618404,0.2854037267080745,0.23095238095238096,0.3404761904761905,0.0282913902064683,0.22227356133358625,0.1776665628845144,0.26723075736914353,0.02289357713816266,0.44782608695652176,0.3826086956521739,0.5130434782608696,0.032774044317224145,0.3676915113871636,0.3100085403726708,0.42653364389233955,0.02976478881183277,0.25072844554931495,0.20638522161899442,0.2956506085986837,0.02245410046582273,0.5956521739130435,0.5304347826086957,0.6608695652173913,0.03250137003365046,0.5052139406487233,0.4446336266390614,0.5653159075224292,0.030580539809801376,0.28902338253615967,0.24632261305979503,0.33175348294314955,0.021711953283553603,0.7565217391304347,0.7,0.8130434782608695,0.02831444121109241,0.6587888198757764,0.6016170634920636,0.7129412525879918,0.028358912171967832,0.3245619915559651,0.2838422357631113,0.3645125933750998,0.020581075573358604,0.8304347826086956,0.7782608695652173,0.8782608695652174,0.02460850662087484,0.75540027605245,0.7033816425120774,0.8027441338854382,0.02529905811494207,0.3433953574481583,0.3045317661728764,0.38178012735473965,0.01980500746628636,0.2552503802390079,0.2110161842004628,0.29998874952249494,0.02277076235876688,0.2387422360248447,0.1934360334713596,0.2848976017943409,0.023455374739155935
qwen3_embedding,qwen8,10,talent_to_job,230,0.34644927536231884,0.14782608695652175,0.10434782608695652,0.1956521739130435,0.023604939151858642,0.12659420289855072,0.08586956521739131,0.17065398550724634,0.021333315753793165,0.14782608695652175,0.10434782608695652,0.1956521739130435,0.023604939151858642,0.34782608695652173,0.28695652173913044,0.40869565217391307,0.03162264957231659,0.2942753623188406,0.2382608695652174,0.35072463768115936,0.028910344758494848,0.2248188029811709,0.17876202643109648,0.27160468775787827,0.023433344904383754,0.4043478260869565,0.3391304347826087,0.46956521739130436,0.03262839009901785,0.34644927536231884,0.2881847826086957,0.40565398550724635,0.030072876275819296,0.2424202321328084,0.196761282389655,0.28902760262289046,0.023260934417851303,0.4043478260869565,0.3391304347826087,0.46956521739130436,0.03262839009901785,0.34644927536231884,0.2881847826086957,0.40565398550724635,0.030072876275819296,0.2424202321328084,0.196761282389655,0.28902760262289046,0.023260934417851303,0.4043478260869565,0.3391304347826087,0.46956521739130436,0.03262839009901785,0.34644927536231884,0.2881847826086957,0.40565398550724635,0.030072876275819296,0.2424202321328084,0.196761282389655,0.28902760262289046,0.023260934417851303,0.4043478260869565,0.3391304347826087,0.46956521739130436,0.03262839009901785,0.34644927536231884,0.2881847826086957,0.40565398550724635,0.030072876275819296,0.2424202321328084,0.196761282389655,0.28902760262289046,0.023260934417851303,0.22711870255348515,0.18132832988267772,0.27500043133195307,0.023625075263447703,0.22711870255348515,0.18132832988267772,0.27500043133195307,0.023625075263447703
qwen3_embedding,qwen8,20,talent_to_job,230,0.4233816425120773,0.14347826086956522,0.1,0.19130434782608696,0.02349740813040623,0.12079710144927537,0.08094202898550724,0.16355072463768117,0.021021657617550003,0.14347826086956522,0.1,0.19130434782608696,0.02349740813040623,0.36086956521739133,0.3,0.4260869565217391,0.031702503881601354,0.3030434782608696,0.24710144927536232,0.36086956521739133,0.029022974583119213,0.2283276582971031,0.1829211790798031,0.2745277194889709,0.02316839290720857,0.4434782608695652,0.3782608695652174,0.508695652173913,0.03304027050791647,0.3743478260869565,0.3157971014492753,0.4350018115942029,0.030516849569917404,0.25389580693413616,0.2091121403402719,0.2996491293527618,0.022982682194833303,0.5043478260869565,0.4391304347826087,0.5695652173913044,0.03314774013401877,0.4233816425120773,0.3633091787439614,0.48488285024154587,0.030778715550185836,0.26720803110636876,0.2226437674435384,0.3124138911835669,0.02266746111597465,0.5043478260869565,0.4391304347826087,0.5695652173913044,0.03314774013401877,0.4233816425120773,0.3633091787439614,0.48488285024154587,0.030778715550185836,0.26720803110636876,0.2226437674435384,0.3124138911835669,0.02266746111597465,0.5043478260869565,0.4391304347826087,0.5695652173913044,0.03314774013401877,0.4233816425120773,0.3633091787439614,0.48488285024154587,0.030778715550185836,0.26720803110636876,0.2226437674435384,0.3124138911835669,0.02266746111597465,0.23835440213754927,0.192538235081482,0.2849280646212307,0.023267898777937442,0.2344047619047619,0.18826233609385787,0.2814738612836439,0.02341910478068191
qwen3_embedding,qwen8,50,talent_to_job,230,0.5883264320220841,0.1608695652173913,0.11304347826086956,0.20869565217391303,0.024617406662259277,0.12286749482401656,0.08347826086956521,0.16449378881987575,0.02058959550413024,0.1608695652173913,0.11304347826086956,0.20869565217391303,0.024617406662259277,0.39565217391304347,0.33043478260869563,0.4608695652173913,0.03248579634077238,0.3206935817805383,0.26438923395445135,0.37787784679089026,0.02902686950221147,0.2429748779803045,0.1984936005677199,0.2878401487223144,0.022994732422422344,0.4608695652173913,0.39565217391304347,0.5260869565217391,0.03296431991885568,0.38083850931677016,0.32141459627329194,0.43992934782608695,0.03021300559335338,0.2638144504520239,0.21955715422595148,0.30883370638219365,0.02277575198264208,0.5608695652173913,0.4956521739130435,0.6260869565217392,0.03297876427347864,0.4650655624568668,0.40415674603174606,0.5262914941338854,0.031008370443594478,0.2887419648892555,0.24594764913075573,0.3333105764600349,0.02228001908952416,0.6782608695652174,0.6173913043478261,0.7391304347826086,0.030857466876005563,0.5883264320220841,0.5275762594893029,0.6479176155969634,0.03034472342438499,0.3161826356562924,0.27461209895421973,0.3585814379363004,0.02139021666895765,0.6782608695652174,0.6173913043478261,0.7391304347826086,0.030857466876005563,0.5883264320220841,0.5275762594893029,0.6479176155969634,0.03034472342438499,0.3161826356562924,0.27461209895421973,0.3585814379363004,0.02139021666895765,0.267104323938103,0.22163202954465477,0.31396045714319104,0.02374045789892041,0.25592822636300894,0.2087437888198758,0.30377048826777087,0.024209183503870548
qwen3_embedding,qwen8,100,talent_to_job,230,0.75540027605245,0.1565217391304348,0.10869565217391304,0.20434782608695654,0.02413506855626271,0.12199792960662525,0.08260869565217391,0.16356107660455488,0.02052756160600373,0.1565217391304348,0.10869565217391304,0.20434782608695654,0.02413506855626271,0.391304347826087,0.32608695652173914,0.45652173913043476,0.03227197535022718,0.3214182194616977,0.2645745341614907,0.3787784679089027,0.028945453945915432,0.2423773326284351,0.1974306942656123,0.2876522234963728,0.022891444133697657,0.4782608695652174,0.41304347826086957,0.5434782608695652,0.033058330746697326,0.39533126293995857,0.33595134575569363,0.45414259834368526,0.030177074963366,0.26821431274851504,0.22410724757888192,0.3133829500809487,0.022605324169371048,0.6130434782608696,0.5478260869565217,0.6739130434782609,0.032122684806940555,0.513616287094548,0.45357487922705314,0.5733507591442374,0.0304868193775538,0.30153094967433997,0.2596123352256916,0.3446830268532506,0.021729775025510708,0.7521739130434782,0.6956521739130435,0.8044565217391288,0.02831764188902405,0.6598826777087647,0.6028773291925467,0.7155072463768116,0.02842736577736857,0.3343577188116468,0.2943793459307447,0.3755947483087392,0.020697740655644576,0.8304347826086956,0.7782608695652173,0.8782608695652174,0.02460850662087484,0.75540027605245,0.7033816425120774,0.8027441338854382,0.02529905811494207,0.35338174883168016,0.31509526665980864,0.39285906883893573,0.01989325807421162,0.2703659963567985,0.22550497358216326,0.3157991678799376,0.023102802619436053,0.25578847481021394,0.2091648982056591,0.30235692719116625,0.023765864687612975
sheared_llama,jina,10,talent_to_job,230,0.2341304347826087,0.07391304347826087,0.043478260869565216,0.10869565217391304,0.01742696274268074,0.06159420289855072,0.03333333333333333,0.09420289855072463,0.015552520111915881,0.07391304347826087,0.043478260869565216,0.10869565217391304,0.01742696274268074,0.21739130434782608,0.16521739130434782,0.26956521739130435,0.027503029343372013,0.17130434782608694,0.12579710144927536,0.21826086956521737,0.02385720333570241,0.12456028580727012,0.08992727416367156,0.16066225914532906,0.01814211415687256,0.2956521739130435,0.23478260869565218,0.3565217391304348,0.030492414300407156,0.2341304347826087,0.18246014492753626,0.287320652173913,0.026705524972269846,0.14720564732039343,0.11197584519257096,0.18345355781637881,0.018373487290280165,0.2956521739130435,0.23478260869565218,0.3565217391304348,0.030492414300407156,0.2341304347826087,0.18246014492753626,0.287320652173913,0.026705524972269846,0.14720564732039343,0.11197584519257096,0.18345355781637881,0.018373487290280165,0.2956521739130435,0.23478260869565218,0.3565217391304348,0.030492414300407156,0.2341304347826087,0.18246014492753626,0.287320652173913,0.026705524972269846,0.14720564732039343,0.11197584519257096,0.18345355781637881,0.018373487290280165,0.2956521739130435,0.23478260869565218,0.3565217391304348,0.030492414300407156,0.2341304347826087,0.18246014492753626,0.287320652173913,0.026705524972269846,0.14720564732039343,0.11197584519257096,0.18345355781637881,0.018373487290280165,0.13452380952380952,0.0989957298136646,0.17145113008971702,0.018498873650641325,0.13452380952380952,0.0989957298136646,0.17145113008971702,0.018498873650641325
sheared_llama,jina,20,talent_to_job,230,0.34309178743961355,0.0782608695652174,0.043478260869565216,0.11304347826086956,0.0179362215970807,0.06608695652173913,0.03623188405797101,0.09855072463768116,0.016053423919846647,0.0782608695652174,0.043478260869565216,0.11304347826086956,0.0179362215970807,0.2391304347826087,0.18695652173913044,0.2956521739130435,0.028163718713902844,0.18794685990338164,0.14106099033816427,0.23628019323671495,0.02446546239447847,0.1358088829836095,0.10058758931352527,0.17326894716869773,0.018555369945911563,0.3173913043478261,0.2565217391304348,0.3782608695652174,0.030886090665497853,0.24765700483091788,0.1959160628019324,0.3010144927536232,0.026722728420014986,0.15660534273474627,0.12091768577362898,0.19416873435546217,0.01862989424942812,0.41739130434782606,0.3521739130434783,0.4826086956521739,0.03293153990637114,0.34309178743961355,0.2853611111111111,0.40198188405797103,0.029702706312723953,0.18399934818179162,0.14780172151710116,0.2212509145635649,0.018571645534390016,0.41739130434782606,0.3521739130434783,0.4826086956521739,0.03293153990637114,0.34309178743961355,0.2853611111111111,0.40198188405797103,0.029702706312723953,0.18399934818179162,0.14780172151710116,0.2212509145635649,0.018571645534390016,0.41739130434782606,0.3521739130434783,0.4826086956521739,0.03293153990637114,0.34309178743961355,0.2853611111111111,0.40198188405797103,0.029702706312723953,0.18399934818179162,0.14780172151710116,0.2212509145635649,0.018571645534390016,0.15148923247001722,0.11592447585094648,0.18896648629680918,0.018709220240456202,0.14446514837819185,0.10877803657694962,0.18232746721877155,0.018878946607115678
sheared_llama,jina,50,talent_to_job,230,0.5634575569358178,0.05652173913043478,0.030434782608695653,0.08695652173913043,0.015332418519462434,0.045072463768115946,0.02100724637681166,0.07260869565217393,0.013112137266416248,0.05652173913043478,0.030434782608695653,0.08695652173913043,0.015332418519462434,0.21739130434782608,0.16521739130434782,0.26956521739130435,0.027056719807979048,0.16851966873706004,0.1237360248447205,0.21485610766045546,0.023151497007880068,0.11818752947398296,0.0860736481845193,0.1515626748196765,0.01671821787335319,0.3391304347826087,0.2782608695652174,0.4,0.03103078536941536,0.2667253278122843,0.2135265700483092,0.321618961352657,0.02721330453290327,0.15118614952427517,0.11889695106146558,0.18546691871981766,0.016890456013180594,0.43043478260869567,0.3652173913043478,0.4956521739130435,0.03268149827775096,0.33655624568668047,0.28080590062111804,0.39432367149758446,0.02873656489904818,0.17177360420297988,0.13944109615611494,0.2054039067344442,0.016826257344798985,0.6565217391304348,0.5956521739130435,0.717391304347826,0.0314403624580472,0.5634575569358178,0.504316425120773,0.6220331262939958,0.030158476529040235,0.22122775770626546,0.1903982582958164,0.25289321159873146,0.015927696827352112,0.6565217391304348,0.5956521739130435,0.717391304347826,0.0314403624580472,0.5634575569358178,0.504316425120773,0.6220331262939958,0.030158476529040235,0.22122775770626546,0.1903982582958164,0.25289321159873146,0.015927696827352112,0.14688998776729437,0.11475332910375144,0.18073277586937317,0.01673847043901441,0.13367322291235334,0.1006705917874396,0.16826436335403724,0.01710214069175071
sheared_llama,jina,100,talent_to_job,230,0.7548757763975155,0.04782608695652174,0.021739130434782608,0.0782608695652174,0.014034773018691837,0.03985507246376811,0.017391304347826087,0.06594202898550725,0.012324258692551895,0.04782608695652174,0.021739130434782608,0.0782608695652174,0.014034773018691837,0.1956521739130435,0.14347826086956522,0.24782608695652175,0.026147252404747624,0.15873706004140786,0.11511387163561076,0.2049699792960662,0.022785919845028875,0.10385988534491125,0.07428478978060693,0.1354576623106734,0.015576800806708622,0.2956521739130435,0.2391304347826087,0.3565217391304348,0.030172211927364426,0.2365320910973085,0.18507091097308492,0.28928907867494824,0.026523232167867714,0.1302323148220099,0.09971536301547959,0.1617394496492177,0.01590641480801051,0.44782608695652176,0.3826086956521739,0.5130434782608696,0.03272301421853301,0.3527156659765356,0.29592581090407183,0.40933419599723947,0.029101554686324124,0.1627101013112141,0.13221864710656892,0.19389077806865937,0.01575936459210072,0.6260869565217392,0.5652173913043478,0.6869565217391305,0.03193835101263725,0.528264320220842,0.4690574534161491,0.5885508109040718,0.030185418029745677,0.2014198287541043,0.17248525831756867,0.23141765902403869,0.01506543287084314,0.8347826086956521,0.7869565217391304,0.8826086956521739,0.024593709429003605,0.7548757763975155,0.7041268978605936,0.8038423050379572,0.02537810037999335,0.2435240148586851,0.21715890401818702,0.2708215127967539,0.01380079199748306,0.13072952179723785,0.10184543931625266,0.1620007440497653,0.015245512128763529,0.11167701863354038,0.08207285196687372,0.1438423481711525,0.01575691211996349
sheared_llama,qwen,10,talent_to_job,230,0.2341304347826087,0.08695652173913043,0.05217391304347826,0.12608695652173912,0.018783460347036582,0.07391304347826087,0.0427536231884058,0.10869565217391304,0.016850411643741438,0.08695652173913043,0.05217391304347826,0.12608695652173912,0.018783460347036582,0.24347826086956523,0.18695652173913044,0.3,0.02876092115740221,0.1939855072463768,0.14565217391304347,0.24492753623188404,0.025323831959753126,0.14633469225169607,0.10844605006071896,0.18625481041602654,0.019885345335790117,0.2956521739130435,0.23478260869565218,0.3565217391304348,0.030492414300407156,0.2341304347826087,0.18246014492753626,0.287320652173913,0.026705524972269846,0.16104574723113765,0.12335982435007817,0.2007761145380523,0.01985851951517313,0.2956521739130435,0.23478260869565218,0.3565217391304348,0.030492414300407156,0.2341304347826087,0.18246014492753626,0.287320652173913,0.026705524972269846,0.16104574723113765,0.12335982435007817,0.2007761145380523,0.01985851951517313,0.2956521739130435,0.23478260869565218,0.3565217391304348,0.030492414300407156,0.2341304347826087,0.18246014492753626,0.287320652173913,0.026705524972269846,0.16104574723113765,0.12335982435007817,0.2007761145380523,0.01985851951517313,0.2956521739130435,0.23478260869565218,0.3565217391304348,0.030492414300407156,0.2341304347826087,0.18246014492753626,0.287320652173913,0.026705524972269846,0.16104574723113765,0.12335982435007817,0.2007761145380523,0.01985851951517313,0.15298136645962732,0.11515476190476191,0.19308618012422357,0.019991409915979207,0.15298136645962732,0.11515476190476191,0.19308618012422357,0.019991409915979207
sheared_llama,qwen,20,talent_to_job,230,0.34309178743961355,0.10869565217391304,0.06956521739130435,0.15217391304347827,0.020681706591179305,0.09094202898550725,0.05615942028985508,0.12789855072463768,0.018631918559254647,0.10869565217391304,0.06956521739130435,0.15217391304347827,0.020681706591179305,0.29130434782608694,0.23043478260869565,0.3521739130434783,0.030410679847238973,0.23855072463768115,0.18695471014492757,0.2936231884057971,0.027041894964618562,0.17690783513585337,0.13713130309557686,0.2197978551370854,0.02121898948247639,0.3869565217391304,0.32597826086956616,0.45217391304347826,0.03230050626991791,0.3130917874396135,0.25695591787439614,0.3697596618357488,0.028867782853782456,0.20282324050671108,0.1628602150130189,0.24473717015502913,0.020949628810051864,0.41739130434782606,0.3521739130434783,0.4826086956521739,0.03293153990637114,0.34309178743961355,0.2853611111111111,0.40198188405797103,0.029702706312723953,0.21210298662829058,0.17180608951380863,0.2543734366109976,0.021029432236076444,0.41739130434782606,0.3521739130434783,0.4826086956521739,0.03293153990637114,0.34309178743961355,0.2853611111111111,0.40198188405797103,0.029702706312723953,0.21210298662829058,0.17180608951380863,0.2543734366109976,0.021029432236076444,0.41739130434782606,0.3521739130434783,0.4826086956521739,0.03293153990637114,0.34309178743961355,0.2853611111111111,0.40198188405797103,0.029702706312723953,0.21210298662829058,0.17180608951380863,0.2543734366109976,0.021029432236076444,0.1876579859245763,0.1478370937637242,0.23037814810412063,0.02115070506529065,0.18544340924775707,0.14529740338164254,0.227931461352657,0.021206905256979325
sheared_llama,qwen,50,talent_to_job,230,0.5634575569358178,0.11739130434782609,0.0782608695652174,0.1608695652173913,0.021328172264310552,0.10036231884057971,0.0641304347826087,0.1391304347826087,0.01940447760664341,0.11739130434782609,0.0782608695652174,0.1608695652173913,0.021328172264310552,0.29130434782608694,0.23043478260869565,0.3521739130434783,0.03027637893097559,0.24094202898550723,0.18949275362318838,0.2956521739130435,0.026971317254489886,0.1817470320984534,0.14040393780789265,0.22520400087868991,0.02161484181386003,0.3869565217391304,0.3217391304347826,0.45217391304347826,0.032585761207302756,0.3160869565217391,0.25977717391304356,0.37463768115942025,0.02904000573587902,0.2079400641509476,0.1674406452569091,0.25133480443827133,0.021430874268902413,0.5347826086956522,0.46956521739130436,0.6,0.033248033826199834,0.43835058661145615,0.3806479468599034,0.4978451518288475,0.03043640272570873,0.24217686814193712,0.20277378018314848,0.28367398050880965,0.020714231603570624,0.6565217391304348,0.5956521739130435,0.717391304347826,0.0314403624580472,0.5634575569358178,0.504316425120773,0.6220331262939958,0.030158476529040235,0.2704185223742465,0.23222133785111218,0.31064836949416647,0.020051793180742957,0.6565217391304348,0.5956521739130435,0.717391304347826,0.0314403624580472,0.5634575569358178,0.504316425120773,0.6220331262939958,0.030158476529040235,0.2704185223742465,0.23222133785111218,0.31064836949416647,0.020051793180742957,0.20495093047192786,0.1649080370080421,0.2474714440190617,0.021187185598168075,0.1907487922705314,0.14993508454106283,0.2342634575569358,0.02167686658677199
sheared_llama,qwen,100,talent_to_job,230,0.7548757763975155,0.12608695652173912,0.08260869565217391,0.16956521739130434,0.022024698268930477,0.10905797101449274,0.0710144927536232,0.14927536231884056,0.020205227564691737,0.12608695652173912,0.08260869565217391,0.16956521739130434,0.022024698268930477,0.28695652173913044,0.23043478260869565,0.34782608695652173,0.030087175219109658,0.24130434782608695,0.1898550724637681,0.29492753623188406,0.02710150545409972,0.18489749301474295,0.14243553259520034,0.22888391927564353,0.022094285468810173,0.4,0.3347826086956522,0.4652173913043478,0.03274998108485867,0.32550724637681155,0.2684782608695652,0.3823913043478261,0.0292273664298101,0.21565232095926248,0.17317277664574585,0.25884824573562554,0.021877680370078968,0.5391304347826087,0.47391304347826085,0.6043478260869565,0.03318405191237579,0.45466183574879226,0.39536050724637684,0.5152916666666666,0.030544324262688525,0.2505280732458138,0.21014352913726375,0.29208159582757365,0.021112312507701653,0.6956521739130435,0.6347826086956522,0.7565217391304347,0.03059330034952085,0.6059696342305038,0.5479466011042099,0.6631407004830918,0.029792708457978528,0.2855479384323715,0.24652846543491858,0.32536906681925104,0.02022739049968163,0.8347826086956521,0.7869565217391304,0.8826086956521739,0.024593709429003605,0.7548757763975155,0.7041268978605936,0.8038423050379572,0.02537810037999335,0.31344146548339974,0.27620261369524224,0.3510640134708312,0.01916155423109235,0.21284073582634444,0.1711066778537192,0.25552009732861863,0.021502869587624304,0.1963319530710835,0.15367481884057974,0.2401396652864044,0.02209776518592568
sheared_llama,qwen4,10,talent_to_job,230,0.2341304347826087,0.09565217391304348,0.06086956521739131,0.13478260869565217,0.019497637702871558,0.08188405797101449,0.049275362318840575,0.11884057971014492,0.017658228165622118,0.09565217391304348,0.06086956521739131,0.13478260869565217,0.019497637702871558,0.24782608695652175,0.19130434782608696,0.30434782608695654,0.028886083458654274,0.2041304347826087,0.15448913043478263,0.2559420289855072,0.02587554207332731,0.15304903279975218,0.11409937958585743,0.19431635714129844,0.020417336700000722,0.2956521739130435,0.23478260869565218,0.3565217391304348,0.030492414300407156,0.2341304347826087,0.18246014492753626,0.287320652173913,0.026705524972269846,0.1644049858269761,0.1256141354053567,0.20547955840988666,0.02040764452032511,0.2956521739130435,0.23478260869565218,0.3565217391304348,0.030492414300407156,0.2341304347826087,0.18246014492753626,0.287320652173913,0.026705524972269846,0.1644049858269761,0.1256141354053567,0.20547955840988666,0.02040764452032511,0.2956521739130435,0.23478260869565218,0.3565217391304348,0.030492414300407156,0.2341304347826087,0.18246014492753626,0.287320652173913,0.026705524972269846,0.1644049858269761,0.1256141354053567,0.20547955840988666,0.02040764452032511,0.2956521739130435,0.23478260869565218,0.3565217391304348,0.030492414300407156,0.2341304347826087,0.18246014492753626,0.287320652173913,0.026705524972269846,0.1644049858269761,0.1256141354053567,0.20547955840988666,0.02040764452032511,0.15600586611456177,0.11678554175293307,0.19699145962732917,0.020455558254082466,0.15600586611456177,0.11678554175293307,0.19699145962732917,0.020455558254082466
sheared_llama,qwen4,20,talent_to_job,230,0.34309178743961355,0.10434782608695652,0.06521739130434782,0.14347826086956522,0.020202775637972643,0.08297101449275361,0.05,0.11920289855072465,0.017370206222867727,0.10434782608695652,0.06521739130434782,0.14347826086956522,0.020202775637972643,0.2608695652173913,0.20434782608695654,0.3173913043478261,0.029252014565558853,0.2255072463768116,0.17318840579710146,0.27913405797101437,0.026895326197140232,0.16919084576229468,0.12876539574223403,0.2111819396774678,0.021029213152362287,0.3782608695652174,0.3130434782608696,0.4391304347826087,0.032440028716664175,0.31695652173913047,0.2597807971014493,0.3756521739130435,0.029529115237910988,0.20275853465855329,0.16223832413072742,0.24428396951013623,0.021069863161642145,0.41739130434782606,0.3521739130434783,0.4826086956521739,0.03293153990637114,0.34309178743961355,0.2853611111111111,0.40198188405797103,0.029702706312723953,0.2108534671704144,0.17075970941947116,0.25228905249950945,0.020924092494507232,0.41739130434782606,0.3521739130434783,0.4826086956521739,0.03293153990637114,0.34309178743961355,0.2853611111111111,0.40198188405797103,0.029702706312723953,0.2108534671704144,0.17075970941947116,0.25228905249950945,0.020924092494507232,0.41739130434782606,0.3521739130434783,0.4826086956521739,0.03293153990637114,0.34309178743961355,0.2853611111111111,0.40198188405797103,0.029702706312723953,0.2108534671704144,0.17075970941947116,0.25228905249950945,0.020924092494507232,0.18490450725744842,0.14485703606211917,0.2266386812959703,0.020928132287530404,0.18218081435472738,0.1417908040027605,0.22405460662525878,0.021028045368518548
sheared_llama,qwen4,50,talent_to_job,230,0.5634575569358178,0.11304347826086956,0.07391304347826087,0.1565217391304348,0.0209077132093544,0.08659420289855073,0.053614130434782685,0.12246376811594202,0.017442486775300484,0.11304347826086956,0.07391304347826087,0.1565217391304348,0.0209077132093544,0.30869565217391304,0.24782608695652175,0.3695652173913043,0.03075233721272854,0.24931677018633538,0.19753623188405794,0.3035207039337474,0.027122481662379565,0.1852831563963229,0.14516919014216995,0.22768580589519594,0.021017416275174013,0.41739130434782606,0.3521739130434783,0.4826086956521739,0.032776322485751526,0.34631469979296065,0.2882792443064182,0.4060973084886128,0.029843967181454354,0.21856004940009213,0.17813374043170008,0.26033374605250664,0.020949455476152432,0.5347826086956522,0.46956521739130436,0.6,0.03321209044888438,0.44324016563147,0.3842546583850932,0.5036030020703933,0.030532462467546807,0.24570520734113507,0.20705492937416006,0.286279028018285,0.020303202631714642,0.6565217391304348,0.5956521739130435,0.717391304347826,0.0314403624580472,0.5634575569358178,0.504316425120773,0.6220331262939958,0.030158476529040235,0.2733596296872274,0.2357641057095553,0.3123774221372203,0.01970669507630346,0.6565217391304348,0.5956521739130435,0.717391304347826,0.0314403624580472,0.5634575569358178,0.504316425120773,0.6220331262939958,0.030158476529040235,0.2733596296872274,0.2357641057095553,0.3123774221372203,0.01970669507630346,0.21142566811342983,0.1716675294152236,0.25322960334452754,0.021019177984540647,0.19899240855762593,0.1581226708074534,0.24164497066942717,0.021469817964365537
sheared_llama,qwen4,100,talent_to_job,230,0.7548757763975155,0.13478260869565217,0.09130434782608696,0.1782608695652174,0.022380475182090784,0.10615942028985507,0.06992753623188405,0.14456521739130435,0.01900662225599332,0.13478260869565217,0.09130434782608696,0.1782608695652174,0.022380475182090784,0.3173913043478261,0.2565217391304348,0.3782608695652174,0.030904891113009838,0.26511387163561073,0.2113845755693582,0.3204994824016562,0.02792488740903048,0.20370090986626269,0.16117342653551328,0.24737991234523554,0.022122227337487702,0.4260869565217391,0.36086956521739133,0.49130434782608695,0.03281938773851808,0.3497204968944099,0.2920289855072464,0.40811671842650105,0.029639966534100032,0.23293159531116914,0.1906959810415535,0.2760644181901297,0.02179695121461581,0.5652173913043478,0.5,0.6304347826086957,0.033017206386675726,0.4783609385783299,0.4161139579020014,0.5399287439613526,0.03104179718054841,0.26906943604056843,0.22829253510061864,0.3106297189664027,0.021144315241201753,0.7304347826086957,0.6739130434782609,0.7869565217391304,0.029375730064531105,0.6435783298826777,0.5857999482401656,0.7000483954451346,0.029004579701238185,0.30677156897404667,0.2683552861533926,0.3467317722511826,0.020008251033913925,0.8347826086956521,0.7869565217391304,0.8826086956521739,0.024593709429003605,0.7548757763975155,0.7041268978605936,0.8038423050379572,0.02537810037999335,0.32765183874846787,0.2910827412624105,0.3653729525227385,0.019091817474919517,0.2361549081727748,0.19365250144800522,0.2795248992571357,0.022029871160214317,0.21933919944789512,0.17547394755003454,0.2638475672877847,0.022689658637301324
sheared_llama,qwen8,10,talent_to_job,230,0.2341304347826087,0.10434782608695652,0.06521739130434782,0.14782608695652175,0.020262847818145486,0.08623188405797101,0.052898550724637686,0.12246376811594205,0.017864158557551326,0.10434782608695652,0.06521739130434782,0.14782608695652175,0.020262847818145486,0.2608695652173913,0.20434782608695654,0.3173913043478261,0.029202566114553324,0.20847826086956522,0.15920289855072464,0.26014855072463766,0.025803909509254073,0.16041844577923975,0.12149259238242524,0.20163324268299262,0.020534152927443164,0.2956521739130435,0.23478260869565218,0.3565217391304348,0.030492414300407156,0.2341304347826087,0.18246014492753626,0.287320652173913,0.026705524972269846,0.1699221793743498,0.13088728415093476,0.21090467433067356,0.020622569901411387,0.2956521739130435,0.23478260869565218,0.3565217391304348,0.030492414300407156,0.2341304347826087,0.18246014492753626,0.287320652173913,0.026705524972269846,0.1699221793743498,0.13088728415093476,0.21090467433067356,0.020622569901411387,0.2956521739130435,0.23478260869565218,0.3565217391304348,0.030492414300407156,0.2341304347826087,0.18246014492753626,0.287320652173913,0.026705524972269846,0.1699221793743498,0.13088728415093476,0.21090467433067356,0.020622569901411387,0.2956521739130435,0.23478260869565218,0.3565217391304348,0.030492414300407156,0.2341304347826087,0.18246014492753626,0.287320652173913,0.026705524972269846,0.1699221793743498,0.13088728415093476,0.21090467433067356,0.020622569901411387,0.1676984126984127,0.12717861456176674,0.21013863008971706,0.02114629194845726,0.1676984126984127,0.12717861456176674,0.21013863008971706,0.02114629194845726
sheared_llama,qwen8,20,talent_to_job,230,0.34309178743961355,0.12173913043478261,0.08260869565217391,0.16521739130434782,0.021813952590010913,0.09615942028985508,0.06101449275362319,0.1343496376811594,0.018733730507285426,0.12173913043478261,0.08260869565217391,0.16521739130434782,0.021813952590010913,0.2956521739130435,0.23478260869565218,0.3565217391304348,0.030330708714359313,0.24072463768115943,0.18855072463768116,0.2942807971014492,0.026970397519066786,0.18402887182038224,0.1428066858752342,0.2268113213378803,0.021434974668905066,0.3695652173913043,0.30434782608695654,0.43043478260869567,0.03216689078477938,0.2938888888888889,0.23845410628019326,0.35005072463768105,0.02847502828784311,0.20433692517903013,0.16322138663692,0.24705818811625604,0.021478798741166493,0.41739130434782606,0.3521739130434783,0.4826086956521739,0.03293153990637114,0.34309178743961355,0.2853611111111111,0.40198188405797103,0.029702706312723953,0.2188049302968886,0.17813318260539532,0.26069214994652923,0.02135342470487009,0.41739130434782606,0.3521739130434783,0.4826086956521739,0.03293153990637114,0.34309178743961355,0.2853611111111111,0.40198188405797103,0.029702706312723953,0.2188049302968886,0.17813318260539532,0.26069214994652923,0.02135342470487009,0.41739130434782606,0.3521739130434783,0.4826086956521739,0.03293153990637114,0.34309178743961355,0.2853611111111111,0.40198188405797103,0.029702706312723953,0.2188049302968886,0.17813318260539532,0.26069214994652923,0.02135342470487009,0.20167948171464795,0.15923017463674435,0.24584787653913293,0.022210229633278962,0.1980710835058661,0.15525496031746033,0.24247450828157346,0.022325295761507512
sheared_llama,qwen8,50,talent_to_job,230,0.5634575569358178,0.13478260869565217,0.09130434782608696,0.1782608695652174,0.02274590936862431,0.10330227743271221,0.06680900621118013,0.14182272256728778,0.019154213563457787,0.13478260869565217,0.09130434782608696,0.1782608695652174,0.02274590936862431,0.3521739130434783,0.29130434782608694,0.41304347826086957,0.03162791580885624,0.28373706004140786,0.23026811594202895,0.33917261904761903,0.027966133108691945,0.21304939927966193,0.17134090977127894,0.25691799722184167,0.02198790559195811,0.43043478260869567,0.3652173913043478,0.4956521739130435,0.032778272853622725,0.34714285714285714,0.2894927536231884,0.4059852484472049,0.029363995774613256,0.23622174312393868,0.1939956480773433,0.27929745594737215,0.021834453098569125,0.5565217391304348,0.49130434782608695,0.6217391304347826,0.03298401672563968,0.44996204278812973,0.39040320910973086,0.5099290027605244,0.03037762323986698,0.26495160164964143,0.22400675911335852,0.3072537885119555,0.021197179598276716,0.6565217391304348,0.5956521739130435,0.717391304347826,0.0314403624580472,0.5634575569358178,0.504316425120773,0.6220331262939958,0.030158476529040235,0.29072980343155613,0.25127427340150926,0.3313041059315637,0.020576038370677476,0.6565217391304348,0.5956521739130435,0.717391304347826,0.0314403624580472,0.5634575569358178,0.504316425120773,0.6220331262939958,0.030158476529040235,0.29072980343155613,0.25127427340150926,0.3313041059315637,0.020576038370677476,0.23930406755927397,0.1961222411788363,0.28409551226277185,0.022499396326283328,0.22726708074534163,0.18294819703243617,0.2727850241545894,0.02295820278913392
sheared_llama,qwen8,100,talent_to_job,230,0.7548757763975155,0.13478260869565217,0.09130434782608696,0.1782608695652174,0.022710802535265924,0.10112836438923395,0.0653623188405797,0.13876915113871632,0.018767515441839633,0.13478260869565217,0.09130434782608696,0.1782608695652174,0.022710802535265924,0.3652173913043478,0.30434782608695654,0.4260869565217391,0.03199908762581659,0.30112836438923396,0.24482116977225674,0.35753649068322974,0.02870980007955892,0.2214646773054304,0.1787885096591288,0.2648139368491614,0.021940405019642593,0.4608695652173913,0.39565217391304347,0.5260869565217391,0.033244189710796235,0.38699792960662527,0.32670807453416145,0.4469989648033127,0.030519663525583822,0.25121259909287064,0.20894049728067,0.294656053414608,0.021805263070304896,0.5956521739130435,0.5304347826086957,0.6566304347826071,0.032645390226256676,0.49863354037267077,0.4386186162870946,0.5577850241545893,0.03063803029407776,0.2822358189170927,0.24150688940047244,0.3241289947426593,0.020948100230399218,0.717391304347826,0.6607608695652183,0.7739130434782608,0.029659543744985032,0.6323464458247067,0.5740643547273983,0.6893564527260179,0.029474788355039586,0.3121715376844379,0.27329129938141045,0.35189682576788445,0.020124431767033643,0.8347826086956521,0.7869565217391304,0.8826086956521739,0.024593709429003605,0.7548757763975155,0.7041268978605936,0.8038423050379572,0.02537810037999335,0.33569674948161343,0.29873112416002645,0.37367350207444155,0.019100209679720804,0.24865132552830282,0.2057022785684167,0.29258596169306267,0.022217276570196405,0.23425465838509316,0.19030413216011044,0.279438492063492,0.022836616435704664
snowflake,jina,10,talent_to_job,230,0.254975845410628,0.1,0.06086956521739131,0.1391304347826087,0.019513394357652845,0.08297101449275361,0.05035326086956529,0.11775362318840579,0.01732167954886029,0.1,0.06086956521739131,0.1391304347826087,0.019513394357652845,0.23043478260869565,0.1782608695652174,0.28695652173913044,0.02759789235740455,0.18804347826086956,0.14130434782608695,0.23695652173913043,0.024254039258256598,0.14372702150058864,0.10655970189117654,0.18239046368959333,0.01941988331881002,0.3130434782608696,0.25217391304347825,0.3739130434782609,0.030582554746463153,0.254975845410628,0.20243659420289858,0.31029166666666663,0.027177492577727412,0.16825579786007944,0.1310657521751422,0.20782074308160023,0.01960110569629309,0.3130434782608696,0.25217391304347825,0.3739130434782609,0.030582554746463153,0.254975845410628,0.20243659420289858,0.31029166666666663,0.027177492577727412,0.16825579786007944,0.1310657521751422,0.20782074308160023,0.01960110569629309,0.3130434782608696,0.25217391304347825,0.3739130434782609,0.030582554746463153,0.254975845410628,0.20243659420289858,0.31029166666666663,0.027177492577727412,0.16825579786007944,0.1310657521751422,0.20782074308160023,0.01960110569629309,0.3130434782608696,0.25217391304347825,0.3739130434782609,0.030582554746463153,0.254975845410628,0.20243659420289858,0.31029166666666663,0.027177492577727412,0.16825579786007944,0.1310657521751422,0.20782074308160023,0.01960110569629309,0.15735679779158038,0.11867395617667359,0.19778454968944098,0.02013936326213332,0.15735679779158038,0.11867395617667359,0.19778454968944098,0.02013936326213332
snowflake,jina,20,talent_to_job,230,0.36890614216701173,0.08695652173913043,0.05217391304347826,0.12608695652173912,0.018388904170650124,0.06702898550724637,0.03804347826086957,0.09891304347826087,0.015531819888997947,0.08695652173913043,0.05217391304347826,0.12608695652173912,0.018388904170650124,0.2391304347826087,0.1826086956521739,0.2956521739130435,0.027755641794377037,0.18635265700483092,0.1393719806763285,0.23442028985507243,0.024039737750102944,0.1370373009821833,0.10144009998526113,0.1731415281754898,0.018206849907444665,0.34347826086956523,0.2826086956521739,0.4043478260869565,0.031371782412831346,0.26487232574189096,0.21197118702553489,0.31956521739130433,0.027128710608921452,0.16453153542233565,0.1290617927763258,0.20072564148649766,0.01830809309571824,0.4782608695652174,0.41304347826086957,0.5434782608695652,0.03293931694715571,0.36890614216701173,0.3117375776397515,0.42654692891649415,0.029024332163268853,0.195037333581678,0.16004524042696786,0.23072467911916555,0.01800784531100474,0.4782608695652174,0.41304347826086957,0.5434782608695652,0.03293931694715571,0.36890614216701173,0.3117375776397515,0.42654692891649415,0.029024332163268853,0.195037333581678,0.16004524042696786,0.23072467911916555,0.01800784531100474,0.4782608695652174,0.41304347826086957,0.5434782608695652,0.03293931694715571,0.36890614216701173,0.3117375776397515,0.42654692891649415,0.029024332163268853,0.195037333581678,0.16004524042696786,0.23072467911916555,0.01800784531100474,0.1635272794128293,0.127782543667614,0.2010484338853105,0.018788130423330652,0.15386818495514148,0.11743525707384404,0.19201561421670116,0.01905998766534642
snowflake,jina,50,talent_to_job,230,0.5704451345755694,0.08260869565217391,0.04782608695652174,0.11739130434782609,0.01823894582484175,0.06753623188405797,0.03768115942028986,0.10028985507246378,0.01603393080485975,0.08260869565217391,0.04782608695652174,0.11739130434782609,0.01823894582484175,0.2391304347826087,0.18695652173913044,0.2956521739130435,0.028066890769497765,0.19315734989648034,0.14506987577639754,0.24207116977225673,0.024815874965957527,0.13789800239328204,0.10218160167401875,0.17518198594146214,0.018611668056225533,0.3217391304347826,0.2608695652173913,0.3826086956521739,0.030883153114826208,0.25658040027605244,0.2040435645272602,0.310655193236715,0.02716323569934544,0.1603574451381441,0.1243467142639044,0.19754523427506815,0.01865662093778281,0.4826086956521739,0.41739130434782606,0.5478260869565217,0.032964705508509544,0.38194271911663213,0.3253659420289855,0.4402286922015182,0.029357604548821036,0.19528454749292673,0.16019312458509657,0.23108831453422074,0.018189384664273237,0.6652173913043479,0.6043478260869565,0.7260869565217392,0.031099503700779255,0.5704451345755694,0.5108062456866805,0.6284317632850241,0.03031641937834088,0.23725816744740288,0.20408224540960967,0.27173019064146975,0.017370366297555076,0.6652173913043479,0.6043478260869565,0.7260869565217392,0.031099503700779255,0.5704451345755694,0.5108062456866805,0.6284317632850241,0.03031641937834088,0.23725816744740288,0.20408224540960967,0.27173019064146975,0.017370366297555076,0.16500830278325124,0.1298037927613709,0.20250119889422455,0.01863240018481239,0.14790200138026224,0.11170798826777088,0.18653079710144926,0.019139359773735924
snowflake,jina,100,talent_to_job,230,0.7308661145617668,0.06521739130434782,0.034782608695652174,0.1,0.01637462552999723,0.0572463768115942,0.02971014492753623,0.08768115942028984,0.014988041329064566,0.06521739130434782,0.034782608695652174,0.1,0.01637462552999723,0.19130434782608696,0.14347826086956522,0.24347826086956523,0.0260836579943598,0.1601863354037267,0.11525879917184265,0.20811594202898548,0.023319606384320478,0.11120225594957452,0.07876211449879889,0.14646919805331982,0.017127677085435795,0.2956521739130435,0.2391304347826087,0.3565217391304348,0.030161383111371506,0.23591097308488612,0.18461671842650104,0.2894233954451345,0.02650514031425717,0.13797811211355515,0.10556717342831559,0.17294308248046328,0.017264194139990557,0.4608695652173913,0.39565217391304347,0.5260869565217391,0.03299603448706307,0.36455141476880604,0.3073913043478261,0.42246437198067627,0.02940947317195137,0.17364503206750123,0.14111597275325674,0.2079288291350415,0.01704257345813237,0.6565217391304348,0.5956521739130435,0.717391304347826,0.031232545867429035,0.5482884748102139,0.48991683919944795,0.6078991545893719,0.029942583515898836,0.21368079340570398,0.18294949587974357,0.2460407508094608,0.01612260762568086,0.808695652173913,0.7565217391304347,0.8565217391304348,0.02604498353420072,0.7308661145617668,0.6772416321601104,0.7815217391304348,0.026763887311747628,0.24788454695489884,0.21890310402129884,0.27857151567616906,0.015200699626641731,0.141140733601523,0.10970153269840746,0.17494939819293306,0.016739742883918773,0.12144927536231884,0.08903010697032436,0.15652471532091095,0.017281151990635908
snowflake,qwen,10,talent_to_job,230,0.254975845410628,0.14347826086956522,0.1,0.19130434782608696,0.02316421599464361,0.11630434782608695,0.0789855072463768,0.15579710144927533,0.0199953696876977,0.14347826086956522,0.1,0.19130434782608696,0.02316421599464361,0.27391304347826084,0.21739130434782608,0.33043478260869563,0.029564244472482862,0.21838164251207728,0.16876751207729468,0.2703399758454106,0.025804456771669454,0.18110148392029723,0.1390939085022404,0.225494395048396,0.022021642550573567,0.3130434782608696,0.25217391304347825,0.3739130434782609,0.030582554746463153,0.254975845410628,0.20243659420289858,0.31029166666666663,0.027177492577727412,0.19369961888698792,0.15145516162553077,0.2376644768319129,0.02198858839061819,0.3130434782608696,0.25217391304347825,0.3739130434782609,0.030582554746463153,0.254975845410628,0.20243659420289858,0.31029166666666663,0.027177492577727412,0.19369961888698792,0.15145516162553077,0.2376644768319129,0.02198858839061819,0.3130434782608696,0.25217391304347825,0.3739130434782609,0.030582554746463153,0.254975845410628,0.20243659420289858,0.31029166666666663,0.027177492577727412,0.19369961888698792,0.15145516162553077,0.2376644768319129,0.02198858839061819,0.3130434782608696,0.25217391304347825,0.3739130434782609,0.030582554746463153,0.254975845410628,0.20243659420289858,0.31029166666666663,0.027177492577727412,0.19369961888698792,0.15145516162553077,0.2376644768319129,0.02198858839061819,0.19597135955831607,0.15124823153899242,0.24251082643202207,0.02333332980241359,0.19597135955831607,0.15124823153899242,0.24251082643202207,0.02333332980241359
snowflake,qwen,20,talent_to_job,230,0.36890614216701173,0.14347826086956522,0.1,0.19130434782608696,0.023066616357197523,0.11557971014492753,0.07753623188405796,0.15689311594202887,0.02017633092798083,0.14347826086956522,0.1,0.19130434782608696,0.023066616357197523,0.30434782608695654,0.24347826086956523,0.3652173913043478,0.03032942946828139,0.23396135265700482,0.18333333333333332,0.28574999999999995,0.026054637678477176,0.18862430322013068,0.14650401825180107,0.23239449191423192,0.021864288164848516,0.4043478260869565,0.3391304347826087,0.46956521739130436,0.032277085315807745,0.3095893719806763,0.2548774154589372,0.3645410628019323,0.027948657716228634,0.21550677708531824,0.17391154081763177,0.25854010553060974,0.021616092791444524,0.4782608695652174,0.41304347826086957,0.5434782608695652,0.03293931694715571,0.36890614216701173,0.3117375776397515,0.42654692891649415,0.029024332163268853,0.23195903181088875,0.19075573398424267,0.2747903295866742,0.021319391517323153,0.4782608695652174,0.41304347826086957,0.5434782608695652,0.03293931694715571,0.36890614216701173,0.3117375776397515,0.42654692891649415,0.029024332163268853,0.23195903181088875,0.19075573398424267,0.2747903295866742,0.021319391517323153,0.4782608695652174,0.41304347826086957,0.5434782608695652,0.03293931694715571,0.36890614216701173,0.3117375776397515,0.42654692891649415,0.029024332163268853,0.23195903181088875,0.19075573398424267,0.2747903295866742,0.021319391517323153,0.21706653160482747,0.17353240104063314,0.26299933941748116,0.022757081904179435,0.21216183574879227,0.16813690476190482,0.2582798913043478,0.02293278820995942
snowflake,qwen,50,talent_to_job,230,0.5704451345755694,0.1608695652173913,0.11304347826086956,0.20869565217391303,0.024223222992329197,0.13079710144927537,0.09021739130434783,0.17391304347826086,0.021374027099292585,0.1608695652173913,0.11304347826086956,0.20869565217391303,0.024223222992329197,0.30869565217391304,0.24782608695652175,0.3695652173913043,0.030629689922131078,0.2539855072463768,0.20036231884057973,0.30869565217391304,0.0273001063622132,0.2041174857390862,0.15908120355851688,0.24962789369874147,0.022943626327220436,0.4217391304347826,0.3565217391304348,0.48695652173913045,0.03289402677316198,0.3344685990338164,0.2774384057971015,0.3915253623188405,0.029023336634749035,0.2325644719958138,0.18840346876733302,0.27742264404018735,0.02258304854359331,0.5478260869565217,0.4826086956521739,0.6130434782608696,0.03296063655624413,0.4451380262249828,0.3865075051759835,0.5049224465148378,0.03033132962046981,0.26392696916126923,0.22064510022005773,0.3079010352237802,0.02197399994385739,0.6652173913043479,0.6043478260869565,0.7260869565217392,0.031099503700779255,0.5704451345755694,0.5108062456866805,0.6284317632850241,0.03031641937834088,0.29190632665135896,0.25041455427367876,0.3342672848533227,0.021261211273095906,0.6652173913043479,0.6043478260869565,0.7260869565217392,0.031099503700779255,0.5704451345755694,0.5108062456866805,0.6284317632850241,0.03031641937834088,0.29190632665135896,0.25041455427367876,0.3342672848533227,0.021261211273095906,0.23731218614391963,0.19235609353220606,0.28338939375961664,0.02330988142061003,0.22433574879227053,0.17828472222222222,0.27128049516908215,0.023808450717745656
snowflake,qwen,100,talent_to_job,230,0.7308661145617668,0.1565217391304348,0.11304347826086956,0.20434782608695654,0.023976867392203036,0.13079710144927537,0.08949275362318841,0.17427536231884058,0.021629849068369313,0.1565217391304348,0.11304347826086956,0.20434782608695654,0.023976867392203036,0.30869565217391304,0.24782608695652175,0.3695652173913043,0.03055021607254841,0.2579710144927536,0.20434782608695654,0.3130434782608696,0.027450244449687803,0.20553042127097093,0.16042895023562093,0.2512263855858182,0.023046815301275336,0.43043478260869567,0.3652173913043478,0.4956521739130435,0.03280729313714814,0.34301932367149757,0.28591787439613525,0.4001449275362319,0.029154704833641427,0.23665626892335434,0.19225119761718307,0.2814407014099982,0.02267482792761196,0.5652173913043478,0.5,0.6304347826086957,0.032930692502521904,0.4664009661835749,0.40690821256038645,0.5257493961352657,0.030276561804013422,0.26998197541525426,0.22679818049806708,0.31300218998712254,0.021871480791778877,0.7217391304347827,0.6608695652173913,0.7782608695652173,0.029504812894372796,0.629768806073154,0.5705257936507936,0.6865223429951691,0.029281901800621696,0.30727251744928447,0.26652467257740353,0.3489529382118803,0.020870474780856216,0.808695652173913,0.7565217391304347,0.8565217391304348,0.02604498353420072,0.7308661145617668,0.6772416321601104,0.7815217391304348,0.026763887311747628,0.3259821654323783,0.28687029155881233,0.36632375726689337,0.020192711927384855,0.24046172363657622,0.19607703128296872,0.28648984337444855,0.02305397310474353,0.22478605935127674,0.17909886128364388,0.2717961525189786,0.023647776695211654
snowflake,qwen4,10,talent_to_job,230,0.254975845410628,0.12173913043478261,0.0782608695652174,0.16521739130434782,0.021461056826573607,0.09818840579710145,0.06267210144927543,0.1358695652173913,0.0185483052904649,0.12173913043478261,0.0782608695652174,0.16521739130434782,0.021461056826573607,0.26956521739130435,0.21304347826086956,0.32608695652173914,0.029320099852959636,0.23115942028985506,0.1797101449275362,0.2847826086956522,0.026699858507239427,0.17632661406207611,0.13538189684789648,0.21908293276940433,0.02128437845974629,0.3130434782608696,0.25217391304347825,0.3739130434782609,0.030582554746463153,0.254975845410628,0.20243659420289858,0.31029166666666663,0.027177492577727412,0.1851777368028499,0.1444086380179876,0.2276212400479021,0.021168112783319742,0.3130434782608696,0.25217391304347825,0.3739130434782609,0.030582554746463153,0.254975845410628,0.20243659420289858,0.31029166666666663,0.027177492577727412,0.1851777368028499,0.1444086380179876,0.2276212400479021,0.021168112783319742,0.3130434782608696,0.25217391304347825,0.3739130434782609,0.030582554746463153,0.254975845410628,0.20243659420289858,0.31029166666666663,0.027177492577727412,0.1851777368028499,0.1444086380179876,0.2276212400479021,0.021168112783319742,0.3130434782608696,0.25217391304347825,0.3739130434782609,0.030582554746463153,0.254975845410628,0.20243659420289858,0.31029166666666663,0.027177492577727412,0.1851777368028499,0.1444086380179876,0.2276212400479021,0.021168112783319742,0.18125948930296754,0.13910369220151828,0.22526026570048308,0.021948982329098074,0.18125948930296754,0.13910369220151828,0.22526026570048308,0.021948982329098074
snowflake,qwen4,20,talent_to_job,230,0.36890614216701173,0.13478260869565217,0.09130434782608696,0.1826086956521739,0.022474612398381135,0.10181159420289855,0.06630434782608696,0.1398641304347825,0.018682076302113534,0.13478260869565217,0.09130434782608696,0.1826086956521739,0.022474612398381135,0.3130434782608696,0.25217391304347825,0.3695652173913043,0.030454962303744445,0.24098343685300208,0.19037241200828156,0.2918558488612837,0.026091324602215585,0.18805181538043778,0.14710388005302394,0.22986772052092025,0.021203837978616236,0.40869565217391307,0.34347826086956523,0.47391304347826085,0.032509435800518786,0.3155244996549344,0.2606614906832298,0.3715219979296066,0.028396314422798455,0.21447204493344824,0.1736151364970978,0.2561195071369108,0.021135347501313097,0.4782608695652174,0.41304347826086957,0.5434782608695652,0.03293931694715571,0.36890614216701173,0.3117375776397515,0.42654692891649415,0.029024332163268853,0.22919159307185247,0.1887990820009971,0.27071916418059117,0.020806473915450582,0.4782608695652174,0.41304347826086957,0.5434782608695652,0.03293931694715571,0.36890614216701173,0.3117375776397515,0.42654692891649415,0.029024332163268853,0.22919159307185247,0.1887990820009971,0.27071916418059117,0.020806473915450582,0.4782608695652174,0.41304347826086957,0.5434782608695652,0.03293931694715571,0.36890614216701173,0.3117375776397515,0.42654692891649415,0.029024332163268853,0.22919159307185247,0.1887990820009971,0.27071916418059117,0.020806473915450582,0.21483686468778676,0.1718083424694762,0.25932722935958985,0.022354042877525647,0.2104071773636991,0.16700284679089025,0.25514285714285717,0.022524389894669674
snowflake,qwen4,50,talent_to_job,230,0.5704451345755694,0.1565217391304348,0.10869565217391304,0.20434782608695654,0.023930437168225363,0.12137681159420291,0.0822463768115942,0.16231884057971016,0.020298897435274573,0.1565217391304348,0.10869565217391304,0.20434782608695654,0.023930437168225363,0.3391304347826087,0.2782608695652174,0.4,0.03116473154464077,0.27851966873706,0.2241718426501035,0.3333333333333333,0.027968069641020638,0.21797953559906905,0.17371085890944737,0.26298329246342567,0.0227453630897639,0.43043478260869567,0.3652173913043478,0.49141304347825926,0.032718597452850315,0.35467908902691514,0.29688328157349897,0.41207220496894403,0.029687340362088855,0.24417641852730512,0.2001320420356557,0.2887832958682922,0.022578566957765576,0.5608695652173913,0.4956521739130435,0.6260869565217392,0.03268227015400949,0.46860938578329886,0.40891114561766734,0.5276199965493444,0.03061752134847311,0.2763666498340903,0.23448418765137974,0.31902560162840543,0.021811424608193856,0.6652173913043479,0.6043478260869565,0.7260869565217392,0.031099503700779255,0.5704451345755694,0.5108062456866805,0.6284317632850241,0.03031641937834088,0.2990013687497031,0.2577229464008163,0.3409929315635158,0.02123038259244092,0.6652173913043479,0.6043478260869565,0.7260869565217392,0.031099503700779255,0.5704451345755694,0.5108062456866805,0.6284317632850241,0.03031641937834088,0.2990013687497031,0.2577229464008163,0.3409929315635158,0.02123038259244092,0.24802006392314882,0.2034533072434508,0.2939527075487151,0.023276555390182283,0.23552277432712215,0.18989811939268467,0.282286231884058,0.023769851939558048
snowflake,qwen4,100,talent_to_job,230,0.7308661145617668,0.14347826086956522,0.1,0.19130434782608696,0.022970640322468084,0.11485507246376812,0.07681159420289854,0.15507246376811593,0.01977291823282881,0.14347826086956522,0.1,0.19130434782608696,0.022970640322468084,0.3347826086956522,0.27391304347826084,0.39565217391304347,0.031024402566872743,0.2759834368530021,0.22163561076604554,0.331159420289855,0.027881537521711477,0.21328281147567568,0.16936482726970223,0.25795977579034196,0.022365990888009602,0.4260869565217391,0.36086956521739133,0.49130434782608695,0.0325937872441776,0.3489544513457557,0.291447463768116,0.4060869565217391,0.029483299501230808,0.2383945685712371,0.19495428142984975,0.28236357935433926,0.022154761264688266,0.5826086956521739,0.5173913043478261,0.6478260869565218,0.03247193924566704,0.48792615596963423,0.4277284334023464,0.5483153899240855,0.0305788948962985,0.27770446831465895,0.23633281532434253,0.3194874764433014,0.021367195934090574,0.7304347826086957,0.6695652173913044,0.7869565217391304,0.02915606343083045,0.6479261559696342,0.5904187370600414,0.7045226880607314,0.02918946949099727,0.3144091689212448,0.2745947517503932,0.35427616948180146,0.02031826035714235,0.808695652173913,0.7565217391304347,0.8565217391304348,0.02604498353420072,0.7308661145617668,0.6772416321601104,0.7815217391304348,0.026763887311747628,0.32972753168448055,0.29143823716826994,0.3683218002879426,0.019702527836574914,0.24476202168172984,0.2019234036771072,0.2884850231116857,0.022355463609480673,0.22765355417529332,0.1833051673567978,0.27252178226363005,0.023029648596741573
snowflake,qwen8,10,talent_to_job,230,0.254975845410628,0.14347826086956522,0.1,0.19130434782608696,0.02317230559723981,0.11340579710144927,0.07644927536231884,0.15362318840579708,0.019734843654416728,0.14347826086956522,0.1,0.19130434782608696,0.02317230559723981,0.2608695652173913,0.20434782608695654,0.3173913043478261,0.02891638787784016,0.21956521739130436,0.16956521739130434,0.2713768115942029,0.02600044319151035,0.1821255924297417,0.14026328665019927,0.22629516226702998,0.022157742963628522,0.3130434782608696,0.25217391304347825,0.3739130434782609,0.030582554746463153,0.254975845410628,0.20243659420289858,0.31029166666666663,0.027177492577727412,0.19479327447900438,0.1529711330839817,0.23886418568783266,0.02207122361746134,0.3130434782608696,0.25217391304347825,0.3739130434782609,0.030582554746463153,0.254975845410628,0.20243659420289858,0.31029166666666663,0.027177492577727412,0.19479327447900438,0.1529711330839817,0.23886418568783266,0.02207122361746134,0.3130434782608696,0.25217391304347825,0.3739130434782609,0.030582554746463153,0.254975845410628,0.20243659420289858,0.31029166666666663,0.027177492577727412,0.19479327447900438,0.1529711330839817,0.23886418568783266,0.02207122361746134,0.3130434782608696,0.25217391304347825,0.3739130434782609,0.030582554746463153,0.254975845410628,0.20243659420289858,0.31029166666666663,0.027177492577727412,0.19479327447900438,0.1529711330839817,0.23886418568783266,0.02207122361746134,0.19767943409247757,0.15320958419599723,0.24457022084195992,0.023468797384370334,0.19767943409247757,0.15320958419599723,0.24457022084195992,0.023468797384370334
snowflake,qwen8,20,talent_to_job,230,0.36890614216701173,0.1565217391304348,0.10869565217391304,0.20434782608695654,0.024062544904826386,0.12282608695652174,0.08369565217391305,0.16449275362318838,0.020446414193860337,0.1565217391304348,0.10869565217391304,0.20434782608695654,0.024062544904826386,0.32608695652173914,0.26521739130434785,0.3869565217391304,0.030703008737868933,0.25772946859903384,0.2059178743961353,0.3090579710144928,0.026704905746691848,0.21213713625549127,0.1678433440443484,0.25731415655507706,0.02273064942833182,0.4,0.3391304347826087,0.4608695652173913,0.03211164404348995,0.307415458937198,0.25330917874396136,0.36193236714975846,0.027893052080257805,0.2297709953129656,0.18654528874482937,0.2741211309053748,0.02247670652332727,0.4782608695652174,0.41304347826086957,0.5434782608695652,0.03293931694715571,0.36890614216701173,0.3117375776397515,0.42654692891649415,0.029024332163268853,0.24687712490845287,0.20409980181213114,0.2900699819435936,0.022140988452196173,0.4782608695652174,0.41304347826086957,0.5434782608695652,0.03293931694715571,0.36890614216701173,0.3117375776397515,0.42654692891649415,0.029024332163268853,0.24687712490845287,0.20409980181213114,0.2900699819435936,0.022140988452196173,0.4782608695652174,0.41304347826086957,0.5434782608695652,0.03293931694715571,0.36890614216701173,0.3117375776397515,0.42654692891649415,0.029024332163268853,0.24687712490845287,0.20409980181213114,0.2900699819435936,0.022140988452196173,0.23779710911424465,0.19176021472488863,0.28506286137136516,0.02372098315697868,0.23236369910282956,0.1857756211180124,0.27996609730848854,0.023918336442333998
snowflake,qwen8,50,talent_to_job,230,0.5704451345755694,0.16521739130434782,0.11739130434782609,0.21304347826086956,0.02486732369041006,0.1272153209109731,0.08673731884057972,0.1694927536231884,0.020933376120805994,0.16521739130434782,0.11739130434782609,0.21304347826086956,0.02486732369041006,0.3739130434782609,0.3130434782608696,0.43478260869565216,0.03186350122034463,0.30837474120082814,0.25217391304347825,0.364680900621118,0.02864103204474443,0.23904651516867112,0.1937654220157996,0.28498395774467916,0.023218894307863235,0.4652173913043478,0.4,0.5260869565217391,0.03280709204241932,0.38265010351966877,0.32442805383022777,0.4413457556935818,0.02990201622645642,0.26587555415078096,0.22096433214205335,0.3113576848894307,0.022933931743023182,0.5521739130434783,0.48695652173913045,0.6173913043478261,0.03274515492811938,0.46412353347135954,0.4037354209799862,0.5242377501725327,0.030933176837329053,0.2883006773549791,0.24466045150438995,0.3330154238215138,0.022510217939102118,0.6652173913043479,0.6043478260869565,0.7260869565217392,0.031099503700779255,0.5704451345755694,0.5108062456866805,0.6284317632850241,0.03031641937834088,0.31206894327530244,0.2695581066768125,0.3558258384332142,0.021786952532852386,0.6652173913043479,0.6043478260869565,0.7260869565217392,0.031099503700779255,0.5704451345755694,0.5108062456866805,0.6284317632850241,0.03031641937834088,0.31206894327530244,0.2695581066768125,0.3558258384332142,0.021786952532852386,0.2654605086921238,0.21942372392683843,0.3132729272146962,0.023956286917407053,0.2563008971704624,0.20976871980676326,0.30475685817805387,0.02434663414750043
snowflake,qwen8,100,talent_to_job,230,0.7308661145617668,0.1565217391304348,0.10869565217391304,0.20434782608695654,0.0242069408995161,0.12417184265010352,0.08385093167701863,0.16646221532091093,0.020857098568156963,0.1565217391304348,0.10869565217391304,0.20434782608695654,0.0242069408995161,0.3695652173913043,0.30869565217391304,0.43043478260869567,0.03193016802720817,0.30185300207039334,0.24663561076604554,0.3577968426501035,0.02853965535332787,0.23404059251165651,0.18848663502795895,0.27985500271425645,0.023143476524768888,0.4608695652173913,0.39565217391304347,0.5260869565217391,0.03275848550512969,0.3855486542443064,0.326128364389234,0.4436671842650103,0.03012905803873651,0.26322737509241934,0.21863576678276683,0.30836269062671395,0.02285483092666671,0.6,0.5347826086956522,0.6608695652173913,0.03232843500141681,0.497311939268461,0.43740812629399584,0.5571432884748102,0.030384454461971074,0.29483509300562927,0.2516908677058918,0.3389295746308499,0.022062505152615406,0.7260869565217392,0.6695652173913044,0.782608695652174,0.02933464283287467,0.6445617667356798,0.586611369910283,0.7007909765355417,0.02931713078072532,0.3272903911028846,0.28583334678127925,0.36910230948198375,0.021142620843632866,0.808695652173913,0.7565217391304347,0.8565217391304348,0.02604498353420072,0.7308661145617668,0.6772416321601104,0.7815217391304348,0.026763887311747628,0.34358720980589713,0.30351502201552133,0.38386818641213294,0.020467143731811587,0.2641837205222471,0.21914633984665366,0.31052644428409437,0.023330770279386827,0.25007936507936507,0.20391959972394755,0.29728265182884744,0.023924740577002224
